Phase,変数A,変数B,関係性,N,統計量,p値,検定,低分散注意,q値(BH-FDR)
A: Δ×Δ,MMSE合計,CDR-SB,独立した組み合わせ,27,-0.720150124095976,2.282715054126259e-05,Spearman相関,,0.00131318896988109
A: Δ×Δ,MMSE合計,Global CDR,独立した組み合わせ,27,-0.4648590507983574,0.014562627993896689,Spearman相関,,0.17415714294741755
A: Δ×Δ,MMSE合計,MoCA-J合計,独立した組み合わせ,25,0.671537431393694,0.00023742589220386584,Spearman相関,,0.007321452629606335
A: Δ×Δ,MMSE合計,MMSE:時間見当識,構造的(部分-全体),31,0.7084862331100218,8.205406090279215e-06,Spearman相関,,0.0006010459961129525
A: Δ×Δ,MMSE合計,MMSE:場所見当識,構造的(部分-全体),31,0.5020275289830259,0.004006148134868167,Spearman相関,,0.0733625877197733
A: Δ×Δ,MMSE合計,MMSE:物品呼称,構造的(部分-全体),31,-0.2671174263158566,0.14631339127128373,Spearman相関,低分散注意: B非モーダル数=1,0.5640766268748176
A: Δ×Δ,MMSE合計,MMSE:記銘,構造的(部分-全体),31,0.11301121882593933,0.544975170004698,Spearman相関,低分散注意: B非モーダル数=1,0.8551992424450191
A: Δ×Δ,MMSE合計,MMSE:注意計算,構造的(部分-全体),31,0.6963022329997819,1.3600377985826089e-05,Spearman相関,,0.0008855357221882321
A: Δ×Δ,MMSE合計,MMSE:遅延再生,構造的(部分-全体),31,0.5068801396604509,0.0036137401097942703,Spearman相関,,0.06831134530127234
A: Δ×Δ,MMSE合計,MMSE:復唱,構造的(部分-全体),31,0.22103057768156562,0.23211742594828463,Spearman相関,低分散注意: B非モーダル数=3,0.6951559125945811
A: Δ×Δ,MMSE合計,MMSE:読字理解,構造的(部分-全体),31,,,Spearman相関,低分散注意: B非モーダル数=0,
A: Δ×Δ,MMSE合計,MMSE:3段階命令,構造的(部分-全体),31,0.3116643045556747,0.08786475066852932,Spearman相関,,0.42076855640776567
A: Δ×Δ,MMSE合計,MMSE:書字,構造的(部分-全体),31,0.33988604670353384,0.06137716836473011,Spearman相関,低分散注意: B非モーダル数=2,0.3723418706835689
A: Δ×Δ,MMSE合計,MMSE:図形模写,構造的(部分-全体),31,0.337206148772208,0.06358424470372732,Spearman相関,低分散注意: B非モーダル数=4,0.3802078305753491
A: Δ×Δ,MMSE合計,CDR:記憶,独立した組み合わせ,27,-0.40703886838720854,0.03510224598650613,Spearman相関,,0.28569327983461934
A: Δ×Δ,MMSE合計,CDR:見当識,独立した組み合わせ,27,-0.6953661134843332,5.6702243550032464e-05,Spearman相関,,0.0022151676480212682
A: Δ×Δ,MMSE合計,CDR:判断力・問題解決,独立した組み合わせ,27,-0.4736941191883631,0.012564334203693798,Spearman相関,,0.15745651986473808
A: Δ×Δ,MMSE合計,CDR:地域社会の活動,独立した組み合わせ,27,-0.550560462290163,0.0029226645442260403,Spearman相関,,0.058471429842227106
A: Δ×Δ,MMSE合計,CDR:家庭・趣味,独立した組み合わせ,27,-0.33771540573048653,0.08492174139608215,Spearman相関,,0.41715614996117883
A: Δ×Δ,MMSE合計,CDR:身の回りの世話,独立した組み合わせ,27,-0.3690875029271914,0.05814545382539178,Spearman相関,,0.36325206573544844
A: Δ×Δ,CDR-SB,Global CDR,独立した組み合わせ,27,0.7093487793082153,3.432278750923153e-05,Spearman相関,,0.001547165652339206
A: Δ×Δ,CDR-SB,MoCA-J合計,独立した組み合わせ,21,-0.5597949189544997,0.008318131841472337,Spearman相関,,0.12827434892375764
A: Δ×Δ,CDR-SB,MMSE:時間見当識,独立した組み合わせ,27,-0.7756236795580667,2.008948067505324e-06,Spearman相関,,0.00019620726125968666
A: Δ×Δ,CDR-SB,MMSE:場所見当識,独立した組み合わせ,27,-0.5079457920335153,0.00683256283188557,Spearman相関,,0.11439662341385555
A: Δ×Δ,CDR-SB,MMSE:物品呼称,独立した組み合わせ,27,0.12716279279491932,0.5273442460377322,Spearman相関,低分散注意: B非モーダル数=1,0.8521525748125034
A: Δ×Δ,CDR-SB,MMSE:記銘,独立した組み合わせ,27,-0.06358139639745966,0.7527127036094686,Spearman相関,低分散注意: B非モーダル数=1,0.9059577088557726
A: Δ×Δ,CDR-SB,MMSE:注意計算,独立した組み合わせ,27,-0.4181736543247577,0.029957239785874445,Spearman相関,,0.25441945673220906
A: Δ×Δ,CDR-SB,MMSE:遅延再生,独立した組み合わせ,27,-0.19832316521663718,0.3213681149894582,Spearman相関,,0.7583787056172921
A: Δ×Δ,CDR-SB,MMSE:復唱,独立した組み合わせ,27,-0.07335871516052551,0.7161294313831208,Spearman相関,低分散注意: B非モーダル数=3,0.9059577088557726
A: Δ×Δ,CDR-SB,MMSE:読字理解,独立した組み合わせ,27,,,Spearman相関,低分散注意: B非モーダル数=0,
A: Δ×Δ,CDR-SB,MMSE:3段階命令,独立した組み合わせ,27,0.15885455580983626,0.4286996017639809,Spearman相関,,0.8232507499347392
A: Δ×Δ,CDR-SB,MMSE:書字,独立した組み合わせ,27,-0.4218126121730217,0.02841432631697954,Spearman相関,低分散注意: B非モーダル数=2,0.24851933166791063
A: Δ×Δ,CDR-SB,MMSE:図形模写,独立した組み合わせ,27,-0.2667557635297251,0.17861294904608857,Spearman相関,低分散注意: B非モーダル数=4,0.623018977029809
A: Δ×Δ,CDR-SB,CDR:記憶,構造的(部分-全体),27,0.4975104049757467,0.008279339756156063,Spearman相関,,0.12827434892375764
A: Δ×Δ,CDR-SB,CDR:見当識,構造的(部分-全体),27,0.6515837655350016,0.00023170539288797418,Spearman相関,,0.007321452629606335
A: Δ×Δ,CDR-SB,CDR:判断力・問題解決,構造的(部分-全体),27,0.6841924320571475,8.305410495709947e-05,Spearman相関,,0.0030393144890888003
A: Δ×Δ,CDR-SB,CDR:地域社会の活動,構造的(部分-全体),27,0.6998231831885795,4.846480785134086e-05,Spearman相関,,0.002028598385777553
A: Δ×Δ,CDR-SB,CDR:家庭・趣味,構造的(部分-全体),27,0.6369427769809676,0.00035357794131107866,Spearman相関,,0.009418030618558731
A: Δ×Δ,CDR-SB,CDR:身の回りの世話,構造的(部分-全体),27,0.5897592532404287,0.0012055853634754836,Spearman相関,,0.02717203934602436
A: Δ×Δ,Global CDR,MoCA-J合計,独立した組み合わせ,21,-0.3298030481034753,0.14428487669077147,Spearman相関,,0.5640766268748176
A: Δ×Δ,Global CDR,MMSE:時間見当識,独立した組み合わせ,27,-0.34099392532941064,0.08175078371668926,Spearman相関,,0.41663304620493047
A: Δ×Δ,Global CDR,MMSE:場所見当識,独立した組み合わせ,27,-0.3409003371472514,0.08184003331380198,Spearman相関,,0.41663304620493047
A: Δ×Δ,Global CDR,MMSE:物品呼称,独立した組み合わせ,27,0.1257941804066302,0.531834884143783,Spearman相関,低分散注意: B非モーダル数=1,0.8521525748125034
A: Δ×Δ,Global CDR,MMSE:記銘,独立した組み合わせ,27,-0.1257941804066302,0.531834884143783,Spearman相関,低分散注意: B非モーダル数=1,0.8521525748125034
A: Δ×Δ,Global CDR,MMSE:注意計算,独立した組み合わせ,27,-0.39753596963481674,0.04003227902556347,Spearman相関,,0.3007553270382076
A: Δ×Δ,Global CDR,MMSE:遅延再生,独立した組み合わせ,27,-0.3486815503440067,0.07466924846830127,Spearman相関,,0.4024045624779249
A: Δ×Δ,Global CDR,MMSE:復唱,独立した組み合わせ,27,-0.19276188123470586,0.33539704414692895,Spearman相関,低分散注意: B非モーダル数=3,0.7583787056172921
A: Δ×Δ,Global CDR,MMSE:読字理解,独立した組み合わせ,27,,,Spearman相関,低分散注意: B非モーダル数=0,
A: Δ×Δ,Global CDR,MMSE:3段階命令,独立した組み合わせ,27,0.13466029252676673,0.5030706140526024,Spearman相関,,0.8325918948885798
A: Δ×Δ,Global CDR,MMSE:書字,独立した組み合わせ,27,-0.19276188123470586,0.33539704414692895,Spearman相関,低分散注意: B非モーダル数=2,0.7583787056172921
A: Δ×Δ,Global CDR,MMSE:図形模写,独立した組み合わせ,27,-0.14701444780445178,0.4643195245057559,Spearman相関,低分散注意: B非モーダル数=4,0.8232507499347392
A: Δ×Δ,Global CDR,CDR:記憶,構造的(部分-全体),27,0.3832796534981288,0.04844508467218389,Spearman相関,,0.3263082714701122
A: Δ×Δ,Global CDR,CDR:見当識,構造的(部分-全体),27,0.2344761291323731,0.23910685460653142,Spearman相関,,0.6981171322766211
A: Δ×Δ,Global CDR,CDR:判断力・問題解決,構造的(部分-全体),27,0.6823975318039011,8.817123944455565e-05,Spearman相関,,0.0030393144890888003
A: Δ×Δ,Global CDR,CDR:地域社会の活動,構造的(部分-全体),27,0.6490230098747954,0.00024987892933810016,Spearman相関,,0.007321452629606335
A: Δ×Δ,Global CDR,CDR:家庭・趣味,構造的(部分-全体),27,0.42215373894856056,0.02827304456277945,Spearman相関,,0.24851933166791063
A: Δ×Δ,Global CDR,CDR:身の回りの世話,構造的(部分-全体),27,0.4733916506809531,0.012628765245124043,Spearman相関,,0.15745651986473808
A: Δ×Δ,MoCA-J合計,MMSE:時間見当識,独立した組み合わせ,25,0.6593293070591538,0.00033725768543105543,Spearman相関,,0.00941109541250469
A: Δ×Δ,MoCA-J合計,MMSE:場所見当識,独立した組み合わせ,25,0.24697274734556843,0.2339716479496273,Spearman相関,,0.6959765771496528
A: Δ×Δ,MoCA-J合計,MMSE:物品呼称,独立した組み合わせ,25,-0.25629482585078156,0.21621676238269366,Spearman相関,低分散注意: B非モーダル数=1,0.6739522487035026
A: Δ×Δ,MoCA-J合計,MMSE:記銘,独立した組み合わせ,25,,,Spearman相関,低分散注意: B非モーダル数=1,
A: Δ×Δ,MoCA-J合計,MMSE:注意計算,独立した組み合わせ,25,0.49285271315052037,0.01230958086665986,Spearman相関,,0.15745651986473808
A: Δ×Δ,MoCA-J合計,MMSE:遅延再生,独立した組み合わせ,25,0.2694268646133876,0.19277727160136227,Spearman相関,,0.6358786188021734
A: Δ×Δ,MoCA-J合計,MMSE:復唱,独立した組み合わせ,25,0.24899979210746603,0.23003141244888123,Spearman相関,低分散注意: B非モーダル数=3,0.6951559125945811
A: Δ×Δ,MoCA-J合計,MMSE:読字理解,独立した組み合わせ,25,,,Spearman相関,低分散注意: B非モーダル数=0,
A: Δ×Δ,MoCA-J合計,MMSE:3段階命令,独立した組み合わせ,25,0.12520375236747716,0.5509593211784685,Spearman相関,,0.856398308250882
A: Δ×Δ,MoCA-J合計,MMSE:書字,独立した組み合わせ,25,0.2705334272869361,0.19088517646853526,Spearman相関,低分散注意: B非モーダル数=2,0.6358786188021734
A: Δ×Δ,MoCA-J合計,MMSE:図形模写,独立した組み合わせ,25,0.35821024307863997,0.07870721045550576,Spearman相関,低分散注意: B非モーダル数=4,0.41291394945084564
A: Δ×Δ,MoCA-J合計,CDR:記憶,独立した組み合わせ,21,-0.5769205898420583,0.0061806141836209146,Spearman相関,,0.10652470328240753
A: Δ×Δ,MoCA-J合計,CDR:見当識,独立した組み合わせ,21,-0.37058393705829334,0.09818175869700187,Spearman相関,,0.4358675045185083
A: Δ×Δ,MoCA-J合計,CDR:判断力・問題解決,独立した組み合わせ,21,-0.1231770836984178,0.594769574682251,Spearman相関,,0.8691645156204466
A: Δ×Δ,MoCA-J合計,CDR:地域社会の活動,独立した組み合わせ,21,-0.19322159141052264,0.4013659315946523,Spearman相関,,0.8166681802585634
A: Δ×Δ,MoCA-J合計,CDR:家庭・趣味,独立した組み合わせ,21,-0.38430570637822237,0.08542446756884207,Spearman相関,,0.41715614996117883
A: Δ×Δ,MoCA-J合計,CDR:身の回りの世話,独立した組み合わせ,21,-0.32724051498451456,0.14761669719407858,Spearman相関,,0.5648098223741225
A: Δ×Δ,MMSE:時間見当識,MMSE:場所見当識,独立した組み合わせ,31,0.2804346857077924,0.1264928285285383,Spearman相関,,0.522005616321996
A: Δ×Δ,MMSE:時間見当識,MMSE:物品呼称,独立した組み合わせ,31,-0.08441822541139558,0.651619782350409,Spearman相関,低分散注意: B非モーダル数=1,0.892171010414345
A: Δ×Δ,MMSE:時間見当識,MMSE:記銘,独立した組み合わせ,31,0.08441822541139558,0.651619782350409,Spearman相関,低分散注意: B非モーダル数=1,0.892171010414345
A: Δ×Δ,MMSE:時間見当識,MMSE:注意計算,独立した組み合わせ,31,0.3032378799365362,0.0972603730475916,Spearman相関,,0.4350731191289212
A: Δ×Δ,MMSE:時間見当識,MMSE:遅延再生,独立した組み合わせ,31,0.14043712125886135,0.45112870507187314,Spearman相関,,0.8232507499347392
A: Δ×Δ,MMSE:時間見当識,MMSE:復唱,独立した組み合わせ,31,-0.03153096192529367,0.8662810346197082,Spearman相関,低分散注意: B非モーダル数=3,0.9059577088557726
A: Δ×Δ,MMSE:時間見当識,MMSE:読字理解,独立した組み合わせ,31,,,Spearman相関,低分散注意: B非モーダル数=0,
A: Δ×Δ,MMSE:時間見当識,MMSE:3段階命令,独立した組み合わせ,31,0.1304695520085098,0.48419519949258627,Spearman相関,,0.832077380946204
A: Δ×Δ,MMSE:時間見当識,MMSE:書字,独立した組み合わせ,31,0.24285264636771048,0.1880432544873404,Spearman相関,低分散注意: B非モーダル数=2,0.6358786188021734
A: Δ×Δ,MMSE:時間見当識,MMSE:図形模写,独立した組み合わせ,31,0.30336800752305076,0.09710972222044904,Spearman相関,低分散注意: B非モーダル数=4,0.4350731191289212
A: Δ×Δ,MMSE:時間見当識,CDR:記憶,独立した組み合わせ,27,-0.49580111052099785,0.00853920335160693,Spearman相関,,0.12830700420619642
A: Δ×Δ,MMSE:時間見当識,CDR:見当識,独立した組み合わせ,27,-0.7535798378560978,5.688415395837666e-06,Spearman相関,,0.00047620163170869603
A: Δ×Δ,MMSE:時間見当識,CDR:判断力・問題解決,独立した組み合わせ,27,-0.3562168182707909,0.06819393663091104,Spearman相関,,0.395659869957563
A: Δ×Δ,MMSE:時間見当識,CDR:地域社会の活動,独立した組み合わせ,27,-0.49755293418081814,0.008272959623470874,Spearman相関,,0.12827434892375764
A: Δ×Δ,MMSE:時間見当識,CDR:家庭・趣味,独立した組み合わせ,27,-0.48499979906079305,0.010344397312224566,Spearman相関,,0.14138633204807532
A: Δ×Δ,MMSE:時間見当識,CDR:身の回りの世話,独立した組み合わせ,27,-0.2930896559646675,0.13789350593685973,Spearman相関,,0.556327597924072
A: Δ×Δ,MMSE:場所見当識,MMSE:物品呼称,独立した組み合わせ,31,-0.2691214987967822,0.1431951032053539,Spearman相関,低分散注意: B非モーダル数=1,0.5640766268748176
A: Δ×Δ,MMSE:場所見当識,MMSE:記銘,独立した組み合わせ,31,0.044853583132797026,0.8106466070612738,Spearman相関,低分散注意: B非モーダル数=1,0.9059577088557726
A: Δ×Δ,MMSE:場所見当識,MMSE:注意計算,独立した組み合わせ,31,0.16515032855114425,0.3746214898985179,Spearman相関,,0.7953920039149691
A: Δ×Δ,MMSE:場所見当識,MMSE:遅延再生,独立した組み合わせ,31,0.4986112517495373,0.004303885835034082,Spearman相関,,0.07642657876757492
A: Δ×Δ,MMSE:場所見当識,MMSE:復唱,独立した組み合わせ,31,-0.006701285723934702,0.9714591921697657,Spearman相関,低分散注意: B非モーダル数=3,0.9832039492426299
A: Δ×Δ,MMSE:場所見当識,MMSE:読字理解,独立した組み合わせ,31,,,Spearman相関,低分散注意: B非モーダル数=0,
A: Δ×Δ,MMSE:場所見当識,MMSE:3段階命令,独立した組み合わせ,31,0.0418203900237961,0.8232436925848055,Spearman相関,,0.9059577088557726
A: Δ×Δ,MMSE:場所見当識,MMSE:書字,独立した組み合わせ,31,0.36290779400756257,0.044797942398588746,Spearman相関,低分散注意: B非モーダル数=2,0.31920991262755216
A: Δ×Δ,MMSE:場所見当識,MMSE:図形模写,独立した組み合わせ,31,0.30676960724531754,0.09323398559007245,Spearman相関,低分散注意: B非モーダル数=4,0.4318004265939634
A: Δ×Δ,MMSE:場所見当識,CDR:記憶,独立した組み合わせ,27,0.03773370728251776,0.8517715642418858,Spearman相関,,0.9059577088557726
A: Δ×Δ,MMSE:場所見当識,CDR:見当識,独立した組み合わせ,27,-0.3392115634962425,0.08346329159619288,Spearman相関,,0.41715614996117883
A: Δ×Δ,MMSE:場所見当識,CDR:判断力・問題解決,独立した組み合わせ,27,-0.6268625367101591,0.0004672112110973371,Spearman相関,,0.011823109378685652
A: Δ×Δ,MMSE:場所見当識,CDR:地域社会の活動,独立した組み合わせ,27,-0.4336522646512243,0.02383290749518434,Spearman相関,,0.23276806320296706
A: Δ×Δ,MMSE:場所見当識,CDR:家庭・趣味,独立した組み合わせ,27,-0.2062784087737997,0.30193598997316384,Spearman相関,,0.7403116741601423
A: Δ×Δ,MMSE:場所見当識,CDR:身の回りの世話,独立した組み合わせ,27,-0.3280210328625661,0.09484480546023916,Spearman相関,,0.4342113749976574
A: Δ×Δ,MMSE:物品呼称,MMSE:記銘,独立した組み合わせ,31,0.03333333333333333,0.8587115128329493,Spearman相関,"低分散注意: A非モーダル数=1, B非モーダル数=1",0.9059577088557726
A: Δ×Δ,MMSE:物品呼称,MMSE:注意計算,独立した組み合わせ,31,0.041867623960574155,0.8230471867627226,Spearman相関,低分散注意: A非モーダル数=1,0.9059577088557726
A: Δ×Δ,MMSE:物品呼称,MMSE:遅延再生,独立した組み合わせ,31,-0.320353659818607,0.07891870706227767,Spearman相関,低分散注意: A非モーダル数=1,0.41291394945084564
A: Δ×Δ,MMSE:物品呼称,MMSE:復唱,独立した組み合わせ,31,-0.05976143046671969,0.7494614771728659,Spearman相関,"低分散注意: A非モーダル数=1, B非モーダル数=3",0.9059577088557726
A: Δ×Δ,MMSE:物品呼称,MMSE:読字理解,独立した組み合わせ,31,,,Spearman相関,"低分散注意: A非モーダル数=1, B非モーダル数=0",
A: Δ×Δ,MMSE:物品呼称,MMSE:3段階命令,独立した組み合わせ,31,-0.4188934209476291,0.019002412545565124,Spearman相関,低分散注意: A非モーダル数=1,0.20246206821274843
A: Δ×Δ,MMSE:物品呼称,MMSE:書字,独立した組み合わせ,31,-0.04794633014853841,0.7978498621354133,Spearman相関,"低分散注意: A非モーダル数=1, B非モーダル数=2",0.9059577088557726
A: Δ×Δ,MMSE:物品呼称,MMSE:図形模写,独立した組み合わせ,31,-0.03507361872061008,0.8514143852598337,Spearman相関,"低分散注意: A非モーダル数=1, B非モーダル数=4",0.9059577088557726
A: Δ×Δ,MMSE:物品呼称,CDR:記憶,独立した組み合わせ,27,0.16076089523520828,0.42310767284552214,Spearman相関,低分散注意: A非モーダル数=1,0.8206379864256149
A: Δ×Δ,MMSE:物品呼称,CDR:見当識,独立した組み合わせ,27,0.15742870159399536,0.43290833241515403,Spearman相関,低分散注意: A非モーダル数=1,0.8232507499347392
A: Δ×Δ,MMSE:物品呼称,CDR:判断力・問題解決,独立した組み合わせ,27,0.11316223494791972,0.5741195392916647,Spearman相関,低分散注意: A非モーダル数=1,0.8610664821163126
A: Δ×Δ,MMSE:物品呼称,CDR:地域社会の活動,独立した組み合わせ,27,0.19457794562353908,0.330775724020043,Spearman相関,低分散注意: A非モーダル数=1,0.7583787056172921
A: Δ×Δ,MMSE:物品呼称,CDR:家庭・趣味,独立した組み合わせ,27,-0.12210154987546012,0.544040947698211,Spearman相関,低分散注意: A非モーダル数=1,0.8551992424450191
A: Δ×Δ,MMSE:物品呼称,CDR:身の回りの世話,独立した組み合わせ,27,0.10409668775392324,0.6053551727652,Spearman相関,低分散注意: A非モーダル数=1,0.8715924600501406
A: Δ×Δ,MMSE:記銘,MMSE:注意計算,独立した組み合わせ,31,-0.041867623960574155,0.8230471867627226,Spearman相関,低分散注意: A非モーダル数=1,0.9059577088557726
A: Δ×Δ,MMSE:記銘,MMSE:遅延再生,独立した組み合わせ,31,0.08008841495465174,0.6684486822123813,Spearman相関,低分散注意: A非モーダル数=1,0.8979749245731541
A: Δ×Δ,MMSE:記銘,MMSE:復唱,独立した組み合わせ,31,0.05976143046671969,0.7494614771728659,Spearman相関,"低分散注意: A非モーダル数=1, B非モーダル数=3",0.9059577088557726
A: Δ×Δ,MMSE:記銘,MMSE:読字理解,独立した組み合わせ,31,,,Spearman相関,"低分散注意: A非モーダル数=1, B非モーダル数=0",
A: Δ×Δ,MMSE:記銘,MMSE:3段階命令,独立した組み合わせ,31,-0.0698155701579382,0.7090006737636964,Spearman相関,低分散注意: A非モーダル数=1,0.9051729734760916
A: Δ×Δ,MMSE:記銘,MMSE:書字,独立した組み合わせ,31,0.04794633014853841,0.7978498621354133,Spearman相関,"低分散注意: A非モーダル数=1, B非モーダル数=2",0.9059577088557726
A: Δ×Δ,MMSE:記銘,MMSE:図形模写,独立した組み合わせ,31,0.03507361872061008,0.8514143852598337,Spearman相関,"低分散注意: A非モーダル数=1, B非モーダル数=4",0.9059577088557726
A: Δ×Δ,MMSE:記銘,CDR:記憶,独立した組み合わせ,27,0.21921940259346587,0.27193031033781917,Spearman相関,低分散注意: A非モーダル数=1,0.7159045871137184
A: Δ×Δ,MMSE:記銘,CDR:見当識,独立した組み合わせ,27,0.21467550217363005,0.2822393650315101,Spearman相関,低分散注意: A非モーダル数=1,0.720130944121923
A: Δ×Δ,MMSE:記銘,CDR:判断力・問題解決,独立した組み合わせ,27,-0.11316223494791972,0.5741195392916647,Spearman相関,低分散注意: A非モーダル数=1,0.8610664821163126
A: Δ×Δ,MMSE:記銘,CDR:地域社会の活動,独立した組み合わせ,27,-0.19457794562353908,0.330775724020043,Spearman相関,低分散注意: A非モーダル数=1,0.7583787056172921
A: Δ×Δ,MMSE:記銘,CDR:家庭・趣味,独立した組み合わせ,27,-0.17636890537566463,0.37885808229569495,Spearman相関,低分散注意: A非モーダル数=1,0.7957377642483056
A: Δ×Δ,MMSE:記銘,CDR:身の回りの世話,独立した組み合わせ,27,-0.10409668775392324,0.6053551727652,Spearman相関,低分散注意: A非モーダル数=1,0.8715924600501406
A: Δ×Δ,MMSE:注意計算,MMSE:遅延再生,独立した組み合わせ,31,0.09306043713105709,0.618534140090602,Spearman相関,,0.8783421414594189
A: Δ×Δ,MMSE:注意計算,MMSE:復唱,独立した組み合わせ,31,0.1814000096141799,0.3287563984243005,Spearman相関,低分散注意: B非モーダル数=3,0.7583787056172921
A: Δ×Δ,MMSE:注意計算,MMSE:読字理解,独立した組み合わせ,31,,,Spearman相関,低分散注意: B非モーダル数=0,
A: Δ×Δ,MMSE:注意計算,MMSE:3段階命令,独立した組み合わせ,31,0.11371459734795354,0.5424589389370824,Spearman相関,,0.8551992424450191
A: Δ×Δ,MMSE:注意計算,MMSE:書字,独立した組み合わせ,31,0.12044393525691274,0.5186669570103021,Spearman相関,低分散注意: B非モーダル数=2,0.8513692907788152
A: Δ×Δ,MMSE:注意計算,MMSE:図形模写,独立した組み合わせ,31,0.14566067482445158,0.43429665861850086,Spearman相関,低分散注意: B非モーダル数=4,0.8232507499347392
A: Δ×Δ,MMSE:注意計算,CDR:記憶,独立した組み合わせ,27,-0.44137165490495867,0.02118374989242487,Spearman相関,,0.2140289213269133
A: Δ×Δ,MMSE:注意計算,CDR:見当識,独立した組み合わせ,27,-0.3852306423591772,0.047217863769382584,Spearman相関,,0.3255255078689199
A: Δ×Δ,MMSE:注意計算,CDR:判断力・問題解決,独立した組み合わせ,27,-0.334305085392286,0.08831831474087913,Spearman相関,,0.42076855640776567
A: Δ×Δ,MMSE:注意計算,CDR:地域社会の活動,独立した組み合わせ,27,-0.3296856307402851,0.09308174897237362,Spearman相関,,0.4318004265939634
A: Δ×Δ,MMSE:注意計算,CDR:家庭・趣味,独立した組み合わせ,27,-0.20748924758086912,0.29904410701389095,Spearman相関,,0.7394086359077641
A: Δ×Δ,MMSE:注意計算,CDR:身の回りの世話,独立した組み合わせ,27,-0.19689304871835556,0.3249408766589575,Spearman相関,,0.7583787056172921
A: Δ×Δ,MMSE:遅延再生,MMSE:復唱,独立した組み合わせ,31,0.17093565148222187,0.357880736131647,Spearman相関,低分散注意: B非モーダル数=3,0.7839565723947962
A: Δ×Δ,MMSE:遅延再生,MMSE:読字理解,独立した組み合わせ,31,,,Spearman相関,低分散注意: B非モーダル数=0,
A: Δ×Δ,MMSE:遅延再生,MMSE:3段階命令,独立した組み合わせ,31,0.13852288048981604,0.4573833857416407,Spearman相関,,0.8232507499347392
A: Δ×Δ,MMSE:遅延再生,MMSE:書字,独立した組み合わせ,31,0.07405609341514256,0.6921588404714683,Spearman相関,低分散注意: B非モーダル数=2,0.9051729734760916
A: Δ×Δ,MMSE:遅延再生,MMSE:図形模写,独立した組み合わせ,31,0.3759128340685193,0.037149447377086635,Spearman相関,低分散注意: B非モーダル数=4,0.28644179161806277
A: Δ×Δ,MMSE:遅延再生,CDR:記憶,独立した組み合わせ,27,-0.08380924092070406,0.6776942902625323,Spearman相関,,0.8984815703480631
A: Δ×Δ,MMSE:遅延再生,CDR:見当識,独立した組み合わせ,27,-0.1319289402800136,0.511848879469644,Spearman相関,,0.8425377622730655
A: Δ×Δ,MMSE:遅延再生,CDR:判断力・問題解決,独立した組み合わせ,27,-0.2634430445299236,0.1842729713725465,Spearman相関,,0.6314851533585512
A: Δ×Δ,MMSE:遅延再生,CDR:地域社会の活動,独立した組み合わせ,27,-0.21899455010431537,0.27243468076170513,Spearman相関,,0.7159045871137184
A: Δ×Δ,MMSE:遅延再生,CDR:家庭・趣味,独立した組み合わせ,27,-0.047443812603973526,0.8142148707747406,Spearman相関,,0.9059577088557726
A: Δ×Δ,MMSE:遅延再生,CDR:身の回りの世話,独立した組み合わせ,27,-0.07368945254922443,0.7149020495759487,Spearman相関,,0.9059577088557726
A: Δ×Δ,MMSE:復唱,MMSE:読字理解,独立した組み合わせ,31,,,Spearman相関,"低分散注意: A非モーダル数=3, B非モーダル数=0",
A: Δ×Δ,MMSE:復唱,MMSE:3段階命令,独立した組み合わせ,31,0.12516835024464038,0.5022745785800447,Spearman相関,低分散注意: A非モーダル数=3,0.8325918948885798
A: Δ×Δ,MMSE:復唱,MMSE:書字,独立した組み合わせ,31,0.35816765941328305,0.04787982106641499,Spearman相関,"低分散注意: A非モーダル数=3, B非モーダル数=2",0.32625087377813006
A: Δ×Δ,MMSE:復唱,MMSE:図形模写,独立した組み合わせ,31,0.2515259551665573,0.17226894407801682,Spearman相関,"低分散注意: A非モーダル数=3, B非モーダル数=4",0.611815765028593
A: Δ×Δ,MMSE:復唱,CDR:記憶,独立した組み合わせ,27,0.2318526603440152,0.2445551687451742,Spearman相関,低分散注意: A非モーダル数=3,0.6981171322766211
A: Δ×Δ,MMSE:復唱,CDR:見当識,独立した組み合わせ,27,-0.041281254969226897,0.8380092993926033,Spearman相関,低分散注意: A非モーダル数=3,0.9059577088557726
A: Δ×Δ,MMSE:復唱,CDR:判断力・問題解決,独立した組み合わせ,27,-0.18360550824787242,0.3592866555640405,Spearman相関,低分散注意: A非モーダル数=3,0.7839565723947962
A: Δ×Δ,MMSE:復唱,CDR:地域社会の活動,独立した組み合わせ,27,-0.10022296571715915,0.6189162235527905,Spearman相関,低分散注意: A非モーダル数=3,0.8783421414594189
A: Δ×Δ,MMSE:復唱,CDR:家庭・趣味,独立した組み合わせ,27,-0.12718142634588303,0.5272832318728704,Spearman相関,低分散注意: A非モーダル数=3,0.8521525748125034
A: Δ×Δ,MMSE:復唱,CDR:身の回りの世話,独立した組み合わせ,27,-0.23770643202506525,0.23250948612378478,Spearman相関,低分散注意: A非モーダル数=3,0.6951559125945811
A: Δ×Δ,MMSE:読字理解,MMSE:3段階命令,独立した組み合わせ,31,,,Spearman相関,低分散注意: A非モーダル数=0,
A: Δ×Δ,MMSE:読字理解,MMSE:書字,独立した組み合わせ,31,,,Spearman相関,"低分散注意: A非モーダル数=0, B非モーダル数=2",
A: Δ×Δ,MMSE:読字理解,MMSE:図形模写,独立した組み合わせ,31,,,Spearman相関,"低分散注意: A非モーダル数=0, B非モーダル数=4",
A: Δ×Δ,MMSE:読字理解,CDR:記憶,独立した組み合わせ,27,,,Spearman相関,低分散注意: A非モーダル数=0,
A: Δ×Δ,MMSE:読字理解,CDR:見当識,独立した組み合わせ,27,,,Spearman相関,低分散注意: A非モーダル数=0,
A: Δ×Δ,MMSE:読字理解,CDR:判断力・問題解決,独立した組み合わせ,27,,,Spearman相関,低分散注意: A非モーダル数=0,
A: Δ×Δ,MMSE:読字理解,CDR:地域社会の活動,独立した組み合わせ,27,,,Spearman相関,低分散注意: A非モーダル数=0,
A: Δ×Δ,MMSE:読字理解,CDR:家庭・趣味,独立した組み合わせ,27,,,Spearman相関,低分散注意: A非モーダル数=0,
A: Δ×Δ,MMSE:読字理解,CDR:身の回りの世話,独立した組み合わせ,27,,,Spearman相関,低分散注意: A非モーダル数=0,
A: Δ×Δ,MMSE:3段階命令,MMSE:書字,独立した組み合わせ,31,0.10042201128902851,0.5909145652277861,Spearman相関,低分散注意: B非モーダル数=2,0.8689757043597575
A: Δ×Δ,MMSE:3段階命令,MMSE:図形模写,独立した組み合わせ,31,-0.12559382757050416,0.5008111494967703,Spearman相関,低分散注意: B非モーダル数=4,0.8325918948885798
A: Δ×Δ,MMSE:3段階命令,CDR:記憶,独立した組み合わせ,27,0.04707757460593812,0.8156246912722033,Spearman相関,,0.9059577088557726
A: Δ×Δ,MMSE:3段階命令,CDR:見当識,独立した組み合わせ,27,-0.14392746983499968,0.47385352252269514,Spearman相関,,0.8232507499347392
A: Δ×Δ,MMSE:3段階命令,CDR:判断力・問題解決,独立した組み合わせ,27,0.2800622429706478,0.1571023213433789,Spearman相関,,0.5859710970736767
A: Δ×Δ,MMSE:3段階命令,CDR:地域社会の活動,独立した組み合わせ,27,0.09827670344267984,0.6257762709448033,Spearman相関,,0.8793882368672774
A: Δ×Δ,MMSE:3段階命令,CDR:家庭・趣味,独立した組み合わせ,27,0.19666067724018543,0.32552367610420396,Spearman相関,,0.7583787056172921
A: Δ×Δ,MMSE:3段階命令,CDR:身の回りの世話,独立した組み合わせ,27,0.000681550683424609,0.9973080582307298,Spearman相関,,1.0
A: Δ×Δ,MMSE:書字,MMSE:図形模写,独立した組み合わせ,31,0.32792200402305405,0.07171360345018897,Spearman相関,"低分散注意: A非モーダル数=2, B非モーダル数=4",0.39645444926236545
A: Δ×Δ,MMSE:書字,CDR:記憶,独立した組み合わせ,27,0.2318526603440152,0.2445551687451742,Spearman相関,低分散注意: A非モーダル数=2,0.6981171322766211
A: Δ×Δ,MMSE:書字,CDR:見当識,独立した組み合わせ,27,-0.3096094122692017,0.11605469641103687,Spearman相関,低分散注意: A非モーダル数=2,0.503763348865686
A: Δ×Δ,MMSE:書字,CDR:判断力・問題解決,独立した組み合わせ,27,-0.18360550824787242,0.3592866555640405,Spearman相関,低分散注意: A非モーダル数=2,0.7839565723947962
A: Δ×Δ,MMSE:書字,CDR:地域社会の活動,独立した組み合わせ,27,-0.10022296571715915,0.6189162235527905,Spearman相関,低分散注意: A非モーダル数=2,0.8783421414594189
A: Δ×Δ,MMSE:書字,CDR:家庭・趣味,独立した組み合わせ,27,-0.3424115324696851,0.08040793537769597,Spearman相関,低分散注意: A非モーダル数=2,0.41663304620493047
A: Δ×Δ,MMSE:書字,CDR:身の回りの世話,独立した組み合わせ,27,-0.6255432421712243,0.0004842229097072622,Spearman相関,低分散注意: A非モーダル数=2,0.011823109378685652
A: Δ×Δ,MMSE:図形模写,CDR:記憶,独立した組み合わせ,27,-0.03846582315363236,0.8489278051466276,Spearman相関,低分散注意: A非モーダル数=4,0.9059577088557726
A: Δ×Δ,MMSE:図形模写,CDR:見当識,独立した組み合わせ,27,-0.2276977550124019,0.2533500061686465,Spearman相関,低分散注意: A非モーダル数=4,0.7103497780613726
A: Δ×Δ,MMSE:図形模写,CDR:判断力・問題解決,独立した組み合わせ,27,-0.1389197633782975,0.4895317754681442,Spearman相関,低分散注意: A非モーダル数=4,0.8325918948885798
A: Δ×Δ,MMSE:図形模写,CDR:地域社会の活動,独立した組み合わせ,27,-0.24678372197828496,0.21462401719455665,Spearman相関,低分散注意: A非モーダル数=4,0.6739522487035026
A: Δ×Δ,MMSE:図形模写,CDR:家庭・趣味,独立した組み合わせ,27,-0.33736099916812295,0.08527003140837403,Spearman相関,低分散注意: A非モーダル数=4,0.41715614996117883
A: Δ×Δ,MMSE:図形模写,CDR:身の回りの世話,独立した組み合わせ,27,-0.16425371470533076,0.41296682115723665,Spearman相関,低分散注意: A非モーダル数=4,0.820334092197087
A: Δ×Δ,CDR:記憶,CDR:見当識,独立した組み合わせ,27,0.3526750114890141,0.07118131102064049,Spearman相関,,0.39645444926236545
A: Δ×Δ,CDR:記憶,CDR:判断力・問題解決,独立した組み合わせ,27,0.060119559078785266,0.7657963186396581,Spearman相関,,0.9059577088557726
A: Δ×Δ,CDR:記憶,CDR:地域社会の活動,独立した組み合わせ,27,0.23432558545833565,0.2394173061339998,Spearman相関,,0.6981171322766211
A: Δ×Δ,CDR:記憶,CDR:家庭・趣味,独立した組み合わせ,27,0.2209069303007498,0.26816414514694364,Spearman相関,,0.7159045871137184
A: Δ×Δ,CDR:記憶,CDR:身の回りの世話,独立した組み合わせ,27,0.1081649867540828,0.5912492639386733,Spearman相関,,0.8689757043597575
A: Δ×Δ,CDR:見当識,CDR:判断力・問題解決,独立した組み合わせ,27,0.31737063585309766,0.10672470903507884,Spearman相関,,0.4702306728914
A: Δ×Δ,CDR:見当識,CDR:地域社会の活動,独立した組み合わせ,27,0.4187130993597732,0.029724343748779528,Spearman相関,,0.25441945673220906
A: Δ×Δ,CDR:見当識,CDR:家庭・趣味,独立した組み合わせ,27,0.37918175304636953,0.05110454166148626,Spearman相関,,0.3364860832992241
A: Δ×Δ,CDR:見当識,CDR:身の回りの世話,独立した組み合わせ,27,0.11476982255265401,0.5686563176430011,Spearman相関,,0.8610664821163126
A: Δ×Δ,CDR:判断力・問題解決,CDR:地域社会の活動,独立した組み合わせ,27,0.7807380536594628,1.5519291019372474e-06,Spearman相関,,0.00018188609074704538
A: Δ×Δ,CDR:判断力・問題解決,CDR:家庭・趣味,独立した組み合わせ,27,0.36922854089112506,0.05804212840746843,Spearman相関,,0.36325206573544844
A: Δ×Δ,CDR:判断力・問題解決,CDR:身の回りの世話,独立した組み合わせ,27,0.3681918973036559,0.058804930768211826,Spearman相関,,0.36325206573544844
A: Δ×Δ,CDR:地域社会の活動,CDR:家庭・趣味,独立した組み合わせ,27,0.46555591615653213,0.014396022406886668,Spearman相関,,0.17415714294741755
A: Δ×Δ,CDR:地域社会の活動,CDR:身の回りの世話,独立した組み合わせ,27,0.24613121055411416,0.21587769708764148,Spearman相関,,0.6739522487035026
A: Δ×Δ,CDR:家庭・趣味,CDR:身の回りの世話,独立した組み合わせ,27,0.07593092990433642,0.7066021877610503,Spearman相関,,0.9051729734760916
