Phase,変数A(ベースライン),変数B(Δ),関係性,N,統計量,p値,検定,低分散注意,q値(BH-FDR)
B: ベースライン→Δ,MMSE合計,MMSE合計,自己(回帰効果に注意),31,-0.5263184802232934,0.0023548279713720968,Spearman相関,,0.04952314864709132
B: ベースライン→Δ,MMSE合計,CDR-SB,独立した組み合わせ,27,0.22375687565684585,0.261880457609668,Spearman相関,,0.7112974710938381
B: ベースライン→Δ,MMSE合計,Global CDR,独立した組み合わせ,27,0.09981082913146705,0.6203663206294074,Spearman相関,,0.8783421414594189
B: ベースライン→Δ,MMSE合計,MoCA-J合計,独立した組み合わせ,25,-0.21692576656820267,0.2976121177191817,Spearman相関,,0.7394086359077641
B: ベースライン→Δ,MMSE合計,MMSE:時間見当識,構造的(部分-全体),31,-0.3647684425842252,0.04363240279149006,Spearman相関,,0.31920991262755216
B: ベースライン→Δ,MMSE合計,MMSE:場所見当識,構造的(部分-全体),31,-0.41337248731407006,0.02080803771834815,Spearman相関,,0.21392122987635115
B: ベースライン→Δ,MMSE合計,MMSE:物品呼称,構造的(部分-全体),31,0.20907229351176498,0.25899960281082773,Spearman相関,低分散注意: B非モーダル数=1,0.7112974710938381
B: ベースライン→Δ,MMSE合計,MMSE:記銘,構造的(部分-全体),31,0.03136084402676474,0.8669960994817685,Spearman相関,低分散注意: B非モーダル数=1,0.9059577088557726
B: ベースライン→Δ,MMSE合計,MMSE:注意計算,構造的(部分-全体),31,-0.30326157475998194,0.09723292799755585,Spearman相関,,0.4350731191289212
B: ベースライン→Δ,MMSE合計,MMSE:遅延再生,構造的(部分-全体),31,-0.4134368255743919,0.020786208687834533,Spearman相関,,0.21392122987635115
B: ベースライン→Δ,MMSE合計,MMSE:復唱,構造的(部分-全体),31,0.01249445933122095,0.9468126527766789,Spearman相関,低分散注意: B非モーダル数=3,0.9682935681101812
B: ベースライン→Δ,MMSE合計,MMSE:読字理解,構造的(部分-全体),31,,,Spearman相関,低分散注意: B非モーダル数=0,
B: ベースライン→Δ,MMSE合計,MMSE:3段階命令,構造的(部分-全体),31,-0.19719402503757416,0.28764778534644014,Spearman相関,,0.7203487274060424
B: ベースライン→Δ,MMSE合計,MMSE:書字,構造的(部分-全体),31,0.1278091774227469,0.4932261915415817,Spearman相関,低分散注意: B非モーダル数=2,0.8325918948885798
B: ベースライン→Δ,MMSE合計,MMSE:図形模写,構造的(部分-全体),31,-0.1994081667151655,0.2821600371554159,Spearman相関,低分散注意: B非モーダル数=4,0.720130944121923
B: ベースライン→Δ,MMSE合計,CDR:記憶,独立した組み合わせ,27,0.04920857775459985,0.8074294572008647,Spearman相関,,0.9059577088557726
B: ベースライン→Δ,MMSE合計,CDR:見当識,独立した組み合わせ,27,0.30340970476362106,0.12392915277252119,Spearman相関,,0.5218962030756941
B: ベースライン→Δ,MMSE合計,CDR:判断力・問題解決,独立した組み合わせ,27,0.46040640270595873,0.01566521009016176,Spearman相関,,0.1835962622566958
B: ベースライン→Δ,MMSE合計,CDR:地域社会の活動,独立した組み合わせ,27,0.5494322636140411,0.0029934179100116263,Spearman相関,,0.058471429842227106
B: ベースライン→Δ,MMSE合計,CDR:家庭・趣味,独立した組み合わせ,27,0.13721097155297068,0.4949409923436269,Spearman相関,,0.8325918948885798
B: ベースライン→Δ,MMSE合計,CDR:身の回りの世話,独立した組み合わせ,27,-0.1709236151705527,0.39398226363691513,Spearman相関,,0.8108236238498651
B: ベースライン→Δ,CDR-SB,MMSE合計,独立した組み合わせ,28,-0.2158263603442293,0.2700093638622253,Spearman相関,,0.7159045871137184
B: ベースライン→Δ,CDR-SB,CDR-SB,自己(回帰効果に注意),27,0.13424956017492437,0.5043858748898393,Spearman相関,,0.8325918948885798
B: ベースライン→Δ,CDR-SB,Global CDR,独立した組み合わせ,27,0.23144303130993832,0.24541318984468252,Spearman相関,,0.6981171322766211
B: ベースライン→Δ,CDR-SB,MoCA-J合計,独立した組み合わせ,22,-0.31454068482241127,0.1539564970855982,Spearman相関,,0.5783237646933368
B: ベースライン→Δ,CDR-SB,MMSE:時間見当識,独立した組み合わせ,28,-0.1493731213160527,0.44806598404513825,Spearman相関,,0.8232507499347392
B: ベースライン→Δ,CDR-SB,MMSE:場所見当識,独立した組み合わせ,28,-0.14201948061826725,0.470970614428739,Spearman相関,,0.8232507499347392
B: ベースライン→Δ,CDR-SB,MMSE:物品呼称,独立した組み合わせ,28,0.12071998252085152,0.5405967634313932,Spearman相関,低分散注意: B非モーダル数=1,0.8551992424450191
B: ベースライン→Δ,CDR-SB,MMSE:記銘,独立した組み合わせ,28,-0.25351196329378817,0.19302394671254325,Spearman相関,低分散注意: B非モーダル数=1,0.6358786188021734
B: ベースライン→Δ,CDR-SB,MMSE:注意計算,独立した組み合わせ,28,-0.14401014630949885,0.4647109460986165,Spearman相関,,0.8232507499347392
B: ベースライン→Δ,CDR-SB,MMSE:遅延再生,独立した組み合わせ,28,-0.14540609854994704,0.46034748304975687,Spearman相関,,0.8232507499347392
B: ベースライン→Δ,CDR-SB,MMSE:復唱,独立した組み合わせ,28,-0.10864798426876639,0.5820908947126648,Spearman相関,低分散注意: B非モーダル数=3,0.8635576311433457
B: ベースライン→Δ,CDR-SB,MMSE:読字理解,独立した組み合わせ,28,,,Spearman相関,低分散注意: B非モーダル数=0,
B: ベースライン→Δ,CDR-SB,MMSE:3段階命令,独立した組み合わせ,28,-0.027604858067981942,0.889104249065273,Spearman相関,,0.9207573942121176
B: ベースライン→Δ,CDR-SB,MMSE:書字,独立した組み合わせ,28,-0.41754242725444096,0.027050129551613268,Spearman相関,低分散注意: B非モーダル数=2,0.24851933166791063
B: ベースライン→Δ,CDR-SB,MMSE:図形模写,独立した組み合わせ,28,-0.19140889189286656,0.32920115465735467,Spearman相関,低分散注意: B非モーダル数=4,0.7583787056172921
B: ベースライン→Δ,CDR-SB,CDR:記憶,構造的(部分-全体),27,0.1352737219734884,0.501109441741111,Spearman相関,,0.8325918948885798
B: ベースライン→Δ,CDR-SB,CDR:見当識,構造的(部分-全体),27,0.03742184492134981,0.8529834835275575,Spearman相関,,0.9059577088557726
B: ベースライン→Δ,CDR-SB,CDR:判断力・問題解決,構造的(部分-全体),27,-0.07293150612927561,0.7177158430458623,Spearman相関,,0.9059577088557726
B: ベースライン→Δ,CDR-SB,CDR:地域社会の活動,構造的(部分-全体),27,-0.1927961621083397,0.33530945039512844,Spearman相関,,0.7583787056172921
B: ベースライン→Δ,CDR-SB,CDR:家庭・趣味,構造的(部分-全体),27,-0.15438772375660567,0.4419589752956945,Spearman相関,,0.8232507499347392
B: ベースライン→Δ,CDR-SB,CDR:身の回りの世話,構造的(部分-全体),27,0.4314986729534736,0.024618207052010895,Spearman相関,,0.23649621856521943
B: ベースライン→Δ,Global CDR,MMSE合計,独立した組み合わせ,28,-0.2546162605150156,0.191025958003941,Spearman相関,低分散注意: A非モーダル数=4,0.6358786188021734
B: ベースライン→Δ,Global CDR,CDR-SB,独立した組み合わせ,27,0.25776399621973434,0.1942636331344644,Spearman相関,低分散注意: A非モーダル数=4,0.6358786188021734
B: ベースライン→Δ,Global CDR,Global CDR,自己(回帰効果に注意),27,-0.11304052079081796,0.5745341203199288,Spearman相関,低分散注意: A非モーダル数=4,0.8610664821163126
B: ベースライン→Δ,Global CDR,MoCA-J合計,独立した組み合わせ,22,-0.45192995882004006,0.03472649435041093,Spearman相関,低分散注意: A非モーダル数=4,0.28569327983461934
B: ベースライン→Δ,Global CDR,MMSE:時間見当識,独立した組み合わせ,28,-0.38103524710519704,0.04544447194951495,Spearman相関,低分散注意: A非モーダル数=4,0.31920991262755216
B: ベースライン→Δ,Global CDR,MMSE:場所見当識,独立した組み合わせ,28,-0.15721139493847838,0.42432305441460977,Spearman相関,低分散注意: A非モーダル数=4,0.8206379864256149
B: ベースライン→Δ,Global CDR,MMSE:物品呼称,独立した組み合わせ,28,0.03919631571947541,0.8430239064747945,Spearman相関,"低分散注意: A非モーダル数=4, B非モーダル数=1",0.9059577088557726
B: ベースライン→Δ,Global CDR,MMSE:記銘,独立した組み合わせ,28,-0.03919631571947541,0.8430239064747945,Spearman相関,"低分散注意: A非モーダル数=4, B非モーダル数=1",0.9059577088557726
B: ベースライン→Δ,Global CDR,MMSE:注意計算,独立した組み合わせ,28,-0.07444115379169232,0.7065678120620648,Spearman相関,低分散注意: A非モーダル数=4,0.9051729734760916
B: ベースライン→Δ,Global CDR,MMSE:遅延再生,独立した組み合わせ,28,0.14833706837155095,0.4512564834355957,Spearman相関,低分散注意: A非モーダル数=4,0.8232507499347392
B: ベースライン→Δ,Global CDR,MMSE:復唱,独立した組み合わせ,28,-0.2469367890326951,0.20521945411632797,Spearman相関,"低分散注意: A非モーダル数=4, B非モーダル数=3",0.6571508202850721
B: ベースライン→Δ,Global CDR,MMSE:読字理解,独立した組み合わせ,28,,,Spearman相関,"低分散注意: A非モーダル数=4, B非モーダル数=0",
B: ベースライン→Δ,Global CDR,MMSE:3段階命令,独立した組み合わせ,28,-0.08296296296296296,0.6746982881461802,Spearman相関,低分散注意: A非モーダル数=4,0.8979749245731541
B: ベースライン→Δ,Global CDR,MMSE:書字,独立した組み合わせ,28,-0.7060987881136028,2.6891241704049625e-05,Spearman相関,"低分散注意: A非モーダル数=4, B非モーダル数=2",0.00131318896988109
B: ベースライン→Δ,Global CDR,MMSE:図形模写,独立した組み合わせ,28,-0.2285185185185185,0.2421489504998003,Spearman相関,"低分散注意: A非モーダル数=4, B非モーダル数=4",0.6981171322766211
B: ベースライン→Δ,Global CDR,CDR:記憶,構造的(部分-全体),27,-0.07348694572634241,0.7156534798876212,Spearman相関,低分散注意: A非モーダル数=4,0.9059577088557726
B: ベースライン→Δ,Global CDR,CDR:見当識,構造的(部分-全体),27,0.4031093588738078,0.037078281574740246,Spearman相関,低分散注意: A非モーダル数=4,0.28644179161806277
B: ベースライン→Δ,Global CDR,CDR:判断力・問題解決,構造的(部分-全体),27,-0.03445210131781778,0.8645400655953579,Spearman相関,低分散注意: A非モーダル数=4,0.9059577088557726
B: ベースライン→Δ,Global CDR,CDR:地域社会の活動,構造的(部分-全体),27,-0.18563377316950638,0.35391023777922176,Spearman相関,低分散注意: A非モーダル数=4,0.7826090541080148
B: ベースライン→Δ,Global CDR,CDR:家庭・趣味,構造的(部分-全体),27,0.09486612614838213,0.6378709920948091,Spearman相関,低分散注意: A非モーダル数=4,0.8899819080179956
B: ベースライン→Δ,Global CDR,CDR:身の回りの世話,構造的(部分-全体),27,0.4559574072110635,0.016834784631340804,Spearman相関,低分散注意: A非モーダル数=4,0.18971507296087906
B: ベースライン→Δ,MoCA-J合計,MMSE合計,独立した組み合わせ,30,-0.10201338017144597,0.5916745836852274,Spearman相関,,0.8689757043597575
B: ベースライン→Δ,MoCA-J合計,CDR-SB,独立した組み合わせ,26,0.06896552142483965,0.7378056982664767,Spearman相関,,0.9059577088557726
B: ベースライン→Δ,MoCA-J合計,Global CDR,独立した組み合わせ,26,0.03236463847448369,0.8752823606961257,Spearman相関,,0.911039899410177
B: ベースライン→Δ,MoCA-J合計,MoCA-J合計,自己(回帰効果に注意),25,-0.14759285493073623,0.48139924537783635,Spearman相関,,0.8297057582100357
B: ベースライン→Δ,MoCA-J合計,MMSE:時間見当識,独立した組み合わせ,30,-0.11088025243648549,0.5596821004731158,Spearman相関,,0.8610664821163126
B: ベースライン→Δ,MoCA-J合計,MMSE:場所見当識,独立した組み合わせ,30,-0.31775539848913986,0.08705646207808804,Spearman相関,,0.42076855640776567
B: ベースライン→Δ,MoCA-J合計,MMSE:物品呼称,独立した組み合わせ,30,0.2923760980419634,0.11691712266811684,Spearman相関,低分散注意: B非モーダル数=1,0.5037752491435034
B: ベースライン→Δ,MoCA-J合計,MMSE:記銘,独立した組み合わせ,30,0.17325990995079316,0.3598708497853245,Spearman相関,低分散注意: B非モーダル数=1,0.7839565723947962
B: ベースライン→Δ,MoCA-J合計,MMSE:注意計算,独立した組み合わせ,30,0.10544160798719815,0.5792112858646661,Spearman相関,,0.8627754908421403
B: ベースライン→Δ,MoCA-J合計,MMSE:遅延再生,独立した組み合わせ,30,-0.333895580561634,0.07134678353496926,Spearman相関,,0.39645444926236545
B: ベースライン→Δ,MoCA-J合計,MMSE:復唱,独立した組み合わせ,30,0.40172261466921444,0.02777374530581219,Spearman相関,低分散注意: B非モーダル数=3,0.24851933166791063
B: ベースライン→Δ,MoCA-J合計,MMSE:読字理解,独立した組み合わせ,30,,,Spearman相関,低分散注意: B非モーダル数=0,
B: ベースライン→Δ,MoCA-J合計,MMSE:3段階命令,独立した組み合わせ,30,-0.040063565341726864,0.8335138428404639,Spearman相関,,0.9059577088557726
B: ベースライン→Δ,MoCA-J合計,MMSE:書字,独立した組み合わせ,30,0.3117045045507113,0.09358132112189992,Spearman相関,低分散注意: B非モーダル数=2,0.4318004265939634
B: ベースライン→Δ,MoCA-J合計,MMSE:図形模写,独立した組み合わせ,30,-0.047560411687515465,0.8029190100819513,Spearman相関,低分散注意: B非モーダル数=4,0.9059577088557726
B: ベースライン→Δ,MoCA-J合計,CDR:記憶,独立した組み合わせ,26,0.20567759474600386,0.3134520146855079,Spearman相関,,0.7583787056172921
B: ベースライン→Δ,MoCA-J合計,CDR:見当識,独立した組み合わせ,26,-0.04225137405684157,0.8376220311693399,Spearman相関,,0.9059577088557726
B: ベースライン→Δ,MoCA-J合計,CDR:判断力・問題解決,独立した組み合わせ,26,0.15573448813473942,0.44743873176633503,Spearman相関,,0.8232507499347392
B: ベースライン→Δ,MoCA-J合計,CDR:地域社会の活動,独立した組み合わせ,26,0.27984445278620257,0.16617411471928323,Spearman相関,,0.6048324920838508
B: ベースライン→Δ,MoCA-J合計,CDR:家庭・趣味,独立した組み合わせ,26,-0.05372806004886227,0.7943432794486042,Spearman相関,,0.9059577088557726
B: ベースライン→Δ,MoCA-J合計,CDR:身の回りの世話,独立した組み合わせ,26,-0.061887668928952325,0.7639220648512206,Spearman相関,,0.9059577088557726
B: ベースライン→Δ,MMSE:時間見当識,MMSE合計,構造的(部分-全体),31,-0.07689796409250269,0.6809515351827584,Spearman相関,,0.898733332470938
B: ベースライン→Δ,MMSE:時間見当識,CDR-SB,独立した組み合わせ,27,0.11875160807219381,0.5552260642819076,Spearman相関,,0.858476183823741
B: ベースライン→Δ,MMSE:時間見当識,Global CDR,独立した組み合わせ,27,-0.05849799396251843,0.7719467103077935,Spearman相関,,0.9059577088557726
B: ベースライン→Δ,MMSE:時間見当識,MoCA-J合計,独立した組み合わせ,25,0.053226732458037655,0.8005097266098968,Spearman相関,,0.9059577088557726
B: ベースライン→Δ,MMSE:時間見当識,MMSE:時間見当識,自己(回帰効果に注意),31,-0.37833707885068013,0.03584767320482853,Spearman相関,,0.28644179161806277
B: ベースライン→Δ,MMSE:時間見当識,MMSE:場所見当識,独立した組み合わせ,31,-0.17891493928647514,0.33553725413379537,Spearman相関,,0.7583787056172921
B: ベースライン→Δ,MMSE:時間見当識,MMSE:物品呼称,独立した組み合わせ,31,-0.2228015324808539,0.22830220690967298,Spearman相関,低分散注意: B非モーダル数=1,0.6951559125945811
B: ベースライン→Δ,MMSE:時間見当識,MMSE:記銘,独立した組み合わせ,31,0.2228015324808539,0.22830220690967298,Spearman相関,低分散注意: B非モーダル数=1,0.6951559125945811
B: ベースライン→Δ,MMSE:時間見当識,MMSE:注意計算,独立した組み合わせ,31,0.05770999664429374,0.757801936223692,Spearman相関,,0.9059577088557726
B: ベースライン→Δ,MMSE:時間見当識,MMSE:遅延再生,独立した組み合わせ,31,-0.11065753741855909,0.5534348018090417,Spearman相関,,0.8579703541272444
B: ベースライン→Δ,MMSE:時間見当識,MMSE:復唱,独立した組み合わせ,31,0.36140546790489947,0.045757052322038194,Spearman相関,低分散注意: B非モーダル数=3,0.31920991262755216
B: ベースライン→Δ,MMSE:時間見当識,MMSE:読字理解,独立した組み合わせ,31,,,Spearman相関,低分散注意: B非モーダル数=0,
B: ベースライン→Δ,MMSE:時間見当識,MMSE:3段階命令,独立した組み合わせ,31,0.13762963485091861,0.4603177186183971,Spearman相関,,0.8232507499347392
B: ベースライン→Δ,MMSE:時間見当識,MMSE:書字,独立した組み合わせ,31,0.25180215894257274,0.17178252036678734,Spearman相関,低分散注意: B非モーダル数=2,0.611815765028593
B: ベースライン→Δ,MMSE:時間見当識,MMSE:図形模写,独立した組み合わせ,31,-0.13720312148520813,0.4617223350154422,Spearman相関,低分散注意: B非モーダル数=4,0.8232507499347392
B: ベースライン→Δ,MMSE:時間見当識,CDR:記憶,独立した組み合わせ,27,0.12113010978942389,0.5472736318636116,Spearman相関,,0.8551992424450191
B: ベースライン→Δ,MMSE:時間見当識,CDR:見当識,独立した組み合わせ,27,0.22655393934660226,0.2558069775777152,Spearman相関,,0.7112974710938381
B: ベースライン→Δ,MMSE:時間見当識,CDR:判断力・問題解決,独立した組み合わせ,27,0.1525015310939278,0.4476233629586646,Spearman相関,,0.8232507499347392
B: ベースライン→Δ,MMSE:時間見当識,CDR:地域社会の活動,独立した組み合わせ,27,0.17481352996346197,0.3831434787040731,Spearman相関,,0.801864566144953
B: ベースライン→Δ,MMSE:時間見当識,CDR:家庭・趣味,独立した組み合わせ,27,0.04377658986741888,0.8283565051814485,Spearman相関,,0.9059577088557726
B: ベースライン→Δ,MMSE:時間見当識,CDR:身の回りの世話,独立した組み合わせ,27,-0.1931930116745529,0.3342964356549573,Spearman相関,,0.7583787056172921
B: ベースライン→Δ,MMSE:場所見当識,MMSE合計,構造的(部分-全体),31,0.0423319371844508,0.8211160806994602,Spearman相関,,0.9059577088557726
B: ベースライン→Δ,MMSE:場所見当識,CDR-SB,独立した組み合わせ,27,0.15241526600503302,0.44788334634178645,Spearman相関,,0.8232507499347392
B: ベースライン→Δ,MMSE:場所見当識,Global CDR,独立した組み合わせ,27,0.0351382110749967,0.8618676050661842,Spearman相関,,0.9059577088557726
B: ベースライン→Δ,MMSE:場所見当識,MoCA-J合計,独立した組み合わせ,25,0.02932528532896847,0.8893322271741614,Spearman相関,,0.9207573942121176
B: ベースライン→Δ,MMSE:場所見当識,MMSE:時間見当識,独立した組み合わせ,31,-0.02664878468892975,0.8868415759293206,Spearman相関,,0.9207573942121176
B: ベースライン→Δ,MMSE:場所見当識,MMSE:場所見当識,自己(回帰効果に注意),31,-0.46104301654705715,0.009044400601342834,Spearman相関,,0.1325004688096725
B: ベースライン→Δ,MMSE:場所見当識,MMSE:物品呼称,独立した組み合わせ,31,0.1373466321504942,0.46124946521530125,Spearman相関,低分散注意: B非モーダル数=1,0.8232507499347392
B: ベースライン→Δ,MMSE:場所見当識,MMSE:記銘,独立した組み合わせ,31,-0.1373466321504942,0.46124946521530125,Spearman相関,低分散注意: B非モーダル数=1,0.8232507499347392
B: ベースライン→Δ,MMSE:場所見当識,MMSE:注意計算,独立した組み合わせ,31,0.13483243189738084,0.46957077258802254,Spearman相関,,0.8232507499347392
B: ベースライン→Δ,MMSE:場所見当識,MMSE:遅延再生,独立した組み合わせ,31,0.03599037137551986,0.847575184300295,Spearman相関,,0.9059577088557726
B: ベースライン→Δ,MMSE:場所見当識,MMSE:復唱,独立した組み合わせ,31,0.24624093621299656,0.18176507463176092,Spearman相関,低分散注意: B非モーダル数=3,0.6297569652943944
B: ベースライン→Δ,MMSE:場所見当識,MMSE:読字理解,独立した組み合わせ,31,,,Spearman相関,低分散注意: B非モーダル数=0,
B: ベースライン→Δ,MMSE:場所見当識,MMSE:3段階命令,独立した組み合わせ,31,0.12496545506048966,0.5029731900836288,Spearman相関,,0.8325918948885798
B: ベースライン→Δ,MMSE:場所見当識,MMSE:書字,独立した組み合わせ,31,0.19755800909632362,0.2867409999182552,Spearman相関,低分散注意: B非モーダル数=2,0.7203487274060424
B: ベースライン→Δ,MMSE:場所見当識,MMSE:図形模写,独立した組み合わせ,31,0.13325116847999738,0.4748442892115049,Spearman相関,低分散注意: B非モーダル数=4,0.8232507499347392
B: ベースライン→Δ,MMSE:場所見当識,CDR:記憶,独立した組み合わせ,27,-0.09896528402013641,0.6233456949055859,Spearman相関,,0.8793882368672774
B: ベースライン→Δ,MMSE:場所見当識,CDR:見当識,独立した組み合わせ,27,-0.021321072836417945,0.9159338886501728,Spearman相関,,0.9449599625862698
B: ベースライン→Δ,MMSE:場所見当識,CDR:判断力・問題解決,独立した組み合わせ,27,0.43966243338062977,0.021748535032339426,Spearman相関,,0.21601087337204922
B: ベースライン→Δ,MMSE:場所見当識,CDR:地域社会の活動,独立した組み合わせ,27,0.3689323936863109,0.058259253445528306,Spearman相関,,0.36325206573544844
B: ベースライン→Δ,MMSE:場所見当識,CDR:家庭・趣味,独立した組み合わせ,27,0.08543911875791282,0.6717673896175452,Spearman相関,,0.8979749245731541
B: ベースライン→Δ,MMSE:場所見当識,CDR:身の回りの世話,独立した組み合わせ,27,-0.08693857647819643,0.666331603868124,Spearman相関,,0.8979749245731541
B: ベースライン→Δ,MMSE:物品呼称,MMSE合計,構造的(部分-全体),31,,,Spearman相関,低分散注意: A非モーダル数=0,
B: ベースライン→Δ,MMSE:物品呼称,CDR-SB,独立した組み合わせ,27,,,Spearman相関,低分散注意: A非モーダル数=0,
B: ベースライン→Δ,MMSE:物品呼称,Global CDR,独立した組み合わせ,27,,,Spearman相関,低分散注意: A非モーダル数=0,
B: ベースライン→Δ,MMSE:物品呼称,MoCA-J合計,独立した組み合わせ,25,,,Spearman相関,低分散注意: A非モーダル数=0,
B: ベースライン→Δ,MMSE:物品呼称,MMSE:時間見当識,独立した組み合わせ,31,,,Spearman相関,低分散注意: A非モーダル数=0,
B: ベースライン→Δ,MMSE:物品呼称,MMSE:場所見当識,独立した組み合わせ,31,,,Spearman相関,低分散注意: A非モーダル数=0,
B: ベースライン→Δ,MMSE:物品呼称,MMSE:物品呼称,自己(回帰効果に注意),31,,,Spearman相関,"低分散注意: A非モーダル数=0, B非モーダル数=1",
B: ベースライン→Δ,MMSE:物品呼称,MMSE:記銘,独立した組み合わせ,31,,,Spearman相関,"低分散注意: A非モーダル数=0, B非モーダル数=1",
B: ベースライン→Δ,MMSE:物品呼称,MMSE:注意計算,独立した組み合わせ,31,,,Spearman相関,低分散注意: A非モーダル数=0,
B: ベースライン→Δ,MMSE:物品呼称,MMSE:遅延再生,独立した組み合わせ,31,,,Spearman相関,低分散注意: A非モーダル数=0,
B: ベースライン→Δ,MMSE:物品呼称,MMSE:復唱,独立した組み合わせ,31,,,Spearman相関,"低分散注意: A非モーダル数=0, B非モーダル数=3",
B: ベースライン→Δ,MMSE:物品呼称,MMSE:読字理解,独立した組み合わせ,31,,,Spearman相関,"低分散注意: A非モーダル数=0, B非モーダル数=0",
B: ベースライン→Δ,MMSE:物品呼称,MMSE:3段階命令,独立した組み合わせ,31,,,Spearman相関,低分散注意: A非モーダル数=0,
B: ベースライン→Δ,MMSE:物品呼称,MMSE:書字,独立した組み合わせ,31,,,Spearman相関,"低分散注意: A非モーダル数=0, B非モーダル数=2",
B: ベースライン→Δ,MMSE:物品呼称,MMSE:図形模写,独立した組み合わせ,31,,,Spearman相関,"低分散注意: A非モーダル数=0, B非モーダル数=4",
B: ベースライン→Δ,MMSE:物品呼称,CDR:記憶,独立した組み合わせ,27,,,Spearman相関,低分散注意: A非モーダル数=0,
B: ベースライン→Δ,MMSE:物品呼称,CDR:見当識,独立した組み合わせ,27,,,Spearman相関,低分散注意: A非モーダル数=0,
B: ベースライン→Δ,MMSE:物品呼称,CDR:判断力・問題解決,独立した組み合わせ,27,,,Spearman相関,低分散注意: A非モーダル数=0,
B: ベースライン→Δ,MMSE:物品呼称,CDR:地域社会の活動,独立した組み合わせ,27,,,Spearman相関,低分散注意: A非モーダル数=0,
B: ベースライン→Δ,MMSE:物品呼称,CDR:家庭・趣味,独立した組み合わせ,27,,,Spearman相関,低分散注意: A非モーダル数=0,
B: ベースライン→Δ,MMSE:物品呼称,CDR:身の回りの世話,独立した組み合わせ,27,,,Spearman相関,低分散注意: A非モーダル数=0,
B: ベースライン→Δ,MMSE:記銘,MMSE合計,構造的(部分-全体),31,-0.11301121882593933,0.544975170004698,Spearman相関,低分散注意: A非モーダル数=1,0.8551992424450191
B: ベースライン→Δ,MMSE:記銘,CDR-SB,独立した組み合わせ,27,0.06358139639745966,0.7527127036094686,Spearman相関,低分散注意: A非モーダル数=1,0.9059577088557726
B: ベースライン→Δ,MMSE:記銘,Global CDR,独立した組み合わせ,27,0.1257941804066302,0.531834884143783,Spearman相関,低分散注意: A非モーダル数=1,0.8521525748125034
B: ベースライン→Δ,MMSE:記銘,MoCA-J合計,独立した組み合わせ,25,,,Spearman相関,低分散注意: A非モーダル数=1,
B: ベースライン→Δ,MMSE:記銘,MMSE:時間見当識,独立した組み合わせ,31,-0.08441822541139558,0.651619782350409,Spearman相関,低分散注意: A非モーダル数=1,0.892171010414345
B: ベースライン→Δ,MMSE:記銘,MMSE:場所見当識,独立した組み合わせ,31,-0.04485358313279703,0.8106466070612738,Spearman相関,低分散注意: A非モーダル数=1,0.9059577088557726
B: ベースライン→Δ,MMSE:記銘,MMSE:物品呼称,独立した組み合わせ,31,-0.03333333333333333,0.8587115128329493,Spearman相関,"低分散注意: A非モーダル数=1, B非モーダル数=1",0.9059577088557726
B: ベースライン→Δ,MMSE:記銘,MMSE:記銘,自己(回帰効果に注意),31,-1.0,0.0,Spearman相関,"低分散注意: A非モーダル数=1, B非モーダル数=1",0.0
B: ベースライン→Δ,MMSE:記銘,MMSE:注意計算,独立した組み合わせ,31,0.041867623960574155,0.8230471867627226,Spearman相関,低分散注意: A非モーダル数=1,0.9059577088557726
B: ベースライン→Δ,MMSE:記銘,MMSE:遅延再生,独立した組み合わせ,31,-0.08008841495465174,0.6684486822123813,Spearman相関,低分散注意: A非モーダル数=1,0.8979749245731541
B: ベースライン→Δ,MMSE:記銘,MMSE:復唱,独立した組み合わせ,31,-0.05976143046671969,0.7494614771728659,Spearman相関,"低分散注意: A非モーダル数=1, B非モーダル数=3",0.9059577088557726
B: ベースライン→Δ,MMSE:記銘,MMSE:読字理解,独立した組み合わせ,31,,,Spearman相関,"低分散注意: A非モーダル数=1, B非モーダル数=0",
B: ベースライン→Δ,MMSE:記銘,MMSE:3段階命令,独立した組み合わせ,31,0.0698155701579382,0.7090006737636964,Spearman相関,低分散注意: A非モーダル数=1,0.9051729734760916
B: ベースライン→Δ,MMSE:記銘,MMSE:書字,独立した組み合わせ,31,-0.04794633014853841,0.7978498621354133,Spearman相関,"低分散注意: A非モーダル数=1, B非モーダル数=2",0.9059577088557726
B: ベースライン→Δ,MMSE:記銘,MMSE:図形模写,独立した組み合わせ,31,-0.03507361872061008,0.8514143852598337,Spearman相関,"低分散注意: A非モーダル数=1, B非モーダル数=4",0.9059577088557726
B: ベースライン→Δ,MMSE:記銘,CDR:記憶,独立した組み合わせ,27,-0.21921940259346587,0.27193031033781917,Spearman相関,低分散注意: A非モーダル数=1,0.7159045871137184
B: ベースライン→Δ,MMSE:記銘,CDR:見当識,独立した組み合わせ,27,-0.21467550217363005,0.2822393650315101,Spearman相関,低分散注意: A非モーダル数=1,0.720130944121923
B: ベースライン→Δ,MMSE:記銘,CDR:判断力・問題解決,独立した組み合わせ,27,0.11316223494791972,0.5741195392916647,Spearman相関,低分散注意: A非モーダル数=1,0.8610664821163126
B: ベースライン→Δ,MMSE:記銘,CDR:地域社会の活動,独立した組み合わせ,27,0.19457794562353908,0.330775724020043,Spearman相関,低分散注意: A非モーダル数=1,0.7583787056172921
B: ベースライン→Δ,MMSE:記銘,CDR:家庭・趣味,独立した組み合わせ,27,0.17636890537566463,0.37885808229569495,Spearman相関,低分散注意: A非モーダル数=1,0.7957377642483056
B: ベースライン→Δ,MMSE:記銘,CDR:身の回りの世話,独立した組み合わせ,27,0.10409668775392324,0.6053551727652,Spearman相関,低分散注意: A非モーダル数=1,0.8715924600501406
B: ベースライン→Δ,MMSE:注意計算,MMSE合計,構造的(部分-全体),31,-0.3322058592837522,0.06786785653320644,Spearman相関,,0.395659869957563
B: ベースライン→Δ,MMSE:注意計算,CDR-SB,独立した組み合わせ,27,0.07806520392281734,0.6987295833076962,Spearman相関,,0.9051729734760916
B: ベースライン→Δ,MMSE:注意計算,Global CDR,独立した組み合わせ,27,0.041823608251022514,0.8359092976873426,Spearman相関,,0.9059577088557726
B: ベースライン→Δ,MMSE:注意計算,MoCA-J合計,独立した組み合わせ,25,-0.008887844281710626,0.9663673377733465,Spearman相関,,0.9814406584665183
B: ベースライン→Δ,MMSE:注意計算,MMSE:時間見当識,独立した組み合わせ,31,-0.08711802755312234,0.6412101251051227,Spearman相関,,0.892171010414345
B: ベースライン→Δ,MMSE:注意計算,MMSE:場所見当識,独立した組み合わせ,31,0.08324941725880626,0.6561465421144154,Spearman相関,,0.8941904039047613
B: ベースライン→Δ,MMSE:注意計算,MMSE:物品呼称,独立した組み合わせ,31,-0.21221505406357605,0.25174497217657765,Spearman相関,低分散注意: B非モーダル数=1,0.7103497780613726
B: ベースライン→Δ,MMSE:注意計算,MMSE:記銘,独立した組み合わせ,31,0.0,1.0,Spearman相関,低分散注意: B非モーダル数=1,1.0
B: ベースライン→Δ,MMSE:注意計算,MMSE:注意計算,自己(回帰効果に注意),31,-0.5588913922741322,0.0010827584911382,Spearman相関,,0.025379859032279406
B: ベースライン→Δ,MMSE:注意計算,MMSE:遅延再生,独立した組み合わせ,31,0.10162335292181622,0.5864588299152901,Spearman相関,,0.8678405917433334
B: ベースライン→Δ,MMSE:注意計算,MMSE:復唱,独立した組み合わせ,31,-0.2536455039482312,0.16856110942077876,Spearman相関,低分散注意: B非モーダル数=3,0.6059927001262353
B: ベースライン→Δ,MMSE:注意計算,MMSE:読字理解,独立した組み合わせ,31,,,Spearman相関,低分散注意: B非モーダル数=0,
B: ベースライン→Δ,MMSE:注意計算,MMSE:3段階命令,独立した組み合わせ,31,-0.03140018113572218,0.8668307427079543,Spearman相関,,0.9059577088557726
B: ベースライン→Δ,MMSE:注意計算,MMSE:書字,独立した組み合わせ,31,-0.04578719870079965,0.8067784064214506,Spearman相関,低分散注意: B非モーダル数=2,0.9059577088557726
B: ベースライン→Δ,MMSE:注意計算,MMSE:図形模写,独立した組み合わせ,31,0.030612955205078677,0.8701409528122158,Spearman相関,低分散注意: B非モーダル数=4,0.9072999970604244
B: ベースライン→Δ,MMSE:注意計算,CDR:記憶,独立した組み合わせ,27,-0.06742753700693949,0.7382545906736788,Spearman相関,,0.9059577088557726
B: ベースライン→Δ,MMSE:注意計算,CDR:見当識,独立した組み合わせ,27,0.25329511610290506,0.20238308570503868,Spearman相関,,0.655229216702501
B: ベースライン→Δ,MMSE:注意計算,CDR:判断力・問題解決,独立した組み合わせ,27,0.282624154128307,0.1531823280519707,Spearman相関,,0.5783237646933368
B: ベースライン→Δ,MMSE:注意計算,CDR:地域社会の活動,独立した組み合わせ,27,0.34023836557767795,0.0824734357675289,Spearman相関,,0.41663304620493047
B: ベースライン→Δ,MMSE:注意計算,CDR:家庭・趣味,独立した組み合わせ,27,0.14656422265103214,0.4657037507357768,Spearman相関,,0.8232507499347392
B: ベースライン→Δ,MMSE:注意計算,CDR:身の回りの世話,独立した組み合わせ,27,-0.1629335098925573,0.4167838370770617,Spearman相関,,0.8206379864256149
B: ベースライン→Δ,MMSE:遅延再生,MMSE合計,構造的(部分-全体),31,-0.3395711093016973,0.06163338132475458,Spearman相関,,0.3723418706835689
B: ベースライン→Δ,MMSE:遅延再生,CDR-SB,独立した組み合わせ,27,0.06089440793306647,0.762862275037757,Spearman相関,,0.9059577088557726
B: ベースライン→Δ,MMSE:遅延再生,Global CDR,独立した組み合わせ,27,0.20199531247412653,0.3123050456008476,Spearman相関,,0.7583787056172921
B: ベースライン→Δ,MMSE:遅延再生,MoCA-J合計,独立した組み合わせ,25,-0.17204971591687077,0.41086867889585027,Spearman相関,,0.8190794698058712
B: ベースライン→Δ,MMSE:遅延再生,MMSE:時間見当識,独立した組み合わせ,31,-0.007033193194559067,0.9700462110499646,Spearman相関,,0.9832039492426299
B: ベースライン→Δ,MMSE:遅延再生,MMSE:場所見当識,独立した組み合わせ,31,-0.35139273545387395,0.052574978142909415,Spearman相関,,0.3423215243527213
B: ベースライン→Δ,MMSE:遅延再生,MMSE:物品呼称,独立した組み合わせ,31,0.1580683629605465,0.3957262054966918,Spearman相関,低分散注意: B非モーダル数=1,0.8108236238498651
B: ベースライン→Δ,MMSE:遅延再生,MMSE:記銘,独立した組み合わせ,31,-0.1580683629605465,0.3957262054966918,Spearman相関,低分散注意: B非モーダル数=1,0.8108236238498651
B: ベースライン→Δ,MMSE:遅延再生,MMSE:注意計算,独立した組み合わせ,31,-0.05889820147388173,0.7529677630939369,Spearman相関,,0.9059577088557726
B: ベースライン→Δ,MMSE:遅延再生,MMSE:遅延再生,自己(回帰効果に注意),31,-0.7946947623616567,9.367388208015182e-08,Spearman相関,,1.372322372474224e-05
B: ベースライン→Δ,MMSE:遅延再生,MMSE:復唱,独立した組み合わせ,31,-0.04048453492309246,0.8288055120342246,Spearman相関,低分散注意: B非モーダル数=3,0.9059577088557726
B: ベースライン→Δ,MMSE:遅延再生,MMSE:読字理解,独立した組み合わせ,31,,,Spearman相関,低分散注意: B非モーダル数=0,
B: ベースライン→Δ,MMSE:遅延再生,MMSE:3段階命令,独立した組み合わせ,31,-0.0149515026170627,0.9363726278898723,Spearman相関,,0.9608980462453592
B: ベースライン→Δ,MMSE:遅延再生,MMSE:書字,独立した組み合わせ,31,0.03248056249948012,0.8622914517106568,Spearman相関,低分散注意: B非モーダル数=2,0.9059577088557726
B: ベースライン→Δ,MMSE:遅延再生,MMSE:図形模写,独立した組み合わせ,31,-0.39702404765411775,0.02700195524116101,Spearman相関,低分散注意: B非モーダル数=4,0.24851933166791063
B: ベースライン→Δ,MMSE:遅延再生,CDR:記憶,独立した組み合わせ,27,-0.01572697058960298,0.9379414376319889,Spearman相関,,0.9608980462453592
B: ベースライン→Δ,MMSE:遅延再生,CDR:見当識,独立した組み合わせ,27,0.004620296290909009,0.9817525338719785,Spearman相関,,0.9884999739673185
B: ベースライン→Δ,MMSE:遅延再生,CDR:判断力・問題解決,独立した組み合わせ,27,0.13642628139975077,0.4974349472370123,Spearman相関,,0.8325918948885798
B: ベースライン→Δ,MMSE:遅延再生,CDR:地域社会の活動,独立した組み合わせ,27,0.1510581966183602,0.4519838249095516,Spearman相関,,0.8232507499347392
B: ベースライン→Δ,MMSE:遅延再生,CDR:家庭・趣味,独立した組み合わせ,27,0.16333116481526694,0.41563207532039737,Spearman相関,,0.8206379864256149
B: ベースライン→Δ,MMSE:遅延再生,CDR:身の回りの世話,独立した組み合わせ,27,-0.08004738288198521,0.6914451234457646,Spearman相関,,0.9051729734760916
B: ベースライン→Δ,MMSE:復唱,MMSE合計,構造的(部分-全体),31,-0.2671174263158566,0.14631339127128373,Spearman相関,低分散注意: A非モーダル数=1,0.5640766268748176
B: ベースライン→Δ,MMSE:復唱,CDR-SB,独立した組み合わせ,27,0.12716279279491932,0.5273442460377322,Spearman相関,低分散注意: A非モーダル数=1,0.8521525748125034
B: ベースライン→Δ,MMSE:復唱,Global CDR,独立した組み合わせ,27,0.1257941804066302,0.531834884143783,Spearman相関,低分散注意: A非モーダル数=1,0.8521525748125034
B: ベースライン→Δ,MMSE:復唱,MoCA-J合計,独立した組み合わせ,25,-0.25629482585078156,0.21621676238269366,Spearman相関,低分散注意: A非モーダル数=1,0.6739522487035026
B: ベースライン→Δ,MMSE:復唱,MMSE:時間見当識,独立した組み合わせ,31,-0.08441822541139558,0.651619782350409,Spearman相関,低分散注意: A非モーダル数=1,0.892171010414345
B: ベースライン→Δ,MMSE:復唱,MMSE:場所見当識,独立した組み合わせ,31,-0.2691214987967822,0.1431951032053539,Spearman相関,低分散注意: A非モーダル数=1,0.5640766268748176
B: ベースライン→Δ,MMSE:復唱,MMSE:物品呼称,独立した組み合わせ,31,1.0,0.0,Spearman相関,"低分散注意: A非モーダル数=1, B非モーダル数=1",0.0
B: ベースライン→Δ,MMSE:復唱,MMSE:記銘,独立した組み合わせ,31,0.03333333333333333,0.8587115128329493,Spearman相関,"低分散注意: A非モーダル数=1, B非モーダル数=1",0.9059577088557726
B: ベースライン→Δ,MMSE:復唱,MMSE:注意計算,独立した組み合わせ,31,0.041867623960574155,0.8230471867627226,Spearman相関,低分散注意: A非モーダル数=1,0.9059577088557726
B: ベースライン→Δ,MMSE:復唱,MMSE:遅延再生,独立した組み合わせ,31,-0.320353659818607,0.07891870706227767,Spearman相関,低分散注意: A非モーダル数=1,0.41291394945084564
B: ベースライン→Δ,MMSE:復唱,MMSE:復唱,自己(回帰効果に注意),31,-0.05976143046671969,0.7494614771728659,Spearman相関,"低分散注意: A非モーダル数=1, B非モーダル数=3",0.9059577088557726
B: ベースライン→Δ,MMSE:復唱,MMSE:読字理解,独立した組み合わせ,31,,,Spearman相関,"低分散注意: A非モーダル数=1, B非モーダル数=0",
B: ベースライン→Δ,MMSE:復唱,MMSE:3段階命令,独立した組み合わせ,31,-0.4188934209476291,0.019002412545565124,Spearman相関,低分散注意: A非モーダル数=1,0.20246206821274843
B: ベースライン→Δ,MMSE:復唱,MMSE:書字,独立した組み合わせ,31,-0.04794633014853841,0.7978498621354133,Spearman相関,"低分散注意: A非モーダル数=1, B非モーダル数=2",0.9059577088557726
B: ベースライン→Δ,MMSE:復唱,MMSE:図形模写,独立した組み合わせ,31,-0.03507361872061008,0.8514143852598337,Spearman相関,"低分散注意: A非モーダル数=1, B非モーダル数=4",0.9059577088557726
B: ベースライン→Δ,MMSE:復唱,CDR:記憶,独立した組み合わせ,27,0.16076089523520828,0.42310767284552214,Spearman相関,低分散注意: A非モーダル数=1,0.8206379864256149
B: ベースライン→Δ,MMSE:復唱,CDR:見当識,独立した組み合わせ,27,0.15742870159399536,0.43290833241515403,Spearman相関,低分散注意: A非モーダル数=1,0.8232507499347392
B: ベースライン→Δ,MMSE:復唱,CDR:判断力・問題解決,独立した組み合わせ,27,0.11316223494791972,0.5741195392916647,Spearman相関,低分散注意: A非モーダル数=1,0.8610664821163126
B: ベースライン→Δ,MMSE:復唱,CDR:地域社会の活動,独立した組み合わせ,27,0.19457794562353908,0.330775724020043,Spearman相関,低分散注意: A非モーダル数=1,0.7583787056172921
B: ベースライン→Δ,MMSE:復唱,CDR:家庭・趣味,独立した組み合わせ,27,-0.12210154987546012,0.544040947698211,Spearman相関,低分散注意: A非モーダル数=1,0.8551992424450191
B: ベースライン→Δ,MMSE:復唱,CDR:身の回りの世話,独立した組み合わせ,27,0.10409668775392324,0.6053551727652,Spearman相関,低分散注意: A非モーダル数=1,0.8715924600501406
B: ベースライン→Δ,MMSE:読字理解,MMSE合計,構造的(部分-全体),31,,,Spearman相関,低分散注意: A非モーダル数=0,
B: ベースライン→Δ,MMSE:読字理解,CDR-SB,独立した組み合わせ,27,,,Spearman相関,低分散注意: A非モーダル数=0,
B: ベースライン→Δ,MMSE:読字理解,Global CDR,独立した組み合わせ,27,,,Spearman相関,低分散注意: A非モーダル数=0,
B: ベースライン→Δ,MMSE:読字理解,MoCA-J合計,独立した組み合わせ,25,,,Spearman相関,低分散注意: A非モーダル数=0,
B: ベースライン→Δ,MMSE:読字理解,MMSE:時間見当識,独立した組み合わせ,31,,,Spearman相関,低分散注意: A非モーダル数=0,
B: ベースライン→Δ,MMSE:読字理解,MMSE:場所見当識,独立した組み合わせ,31,,,Spearman相関,低分散注意: A非モーダル数=0,
B: ベースライン→Δ,MMSE:読字理解,MMSE:物品呼称,独立した組み合わせ,31,,,Spearman相関,"低分散注意: A非モーダル数=0, B非モーダル数=1",
B: ベースライン→Δ,MMSE:読字理解,MMSE:記銘,独立した組み合わせ,31,,,Spearman相関,"低分散注意: A非モーダル数=0, B非モーダル数=1",
B: ベースライン→Δ,MMSE:読字理解,MMSE:注意計算,独立した組み合わせ,31,,,Spearman相関,低分散注意: A非モーダル数=0,
B: ベースライン→Δ,MMSE:読字理解,MMSE:遅延再生,独立した組み合わせ,31,,,Spearman相関,低分散注意: A非モーダル数=0,
B: ベースライン→Δ,MMSE:読字理解,MMSE:復唱,独立した組み合わせ,31,,,Spearman相関,"低分散注意: A非モーダル数=0, B非モーダル数=3",
B: ベースライン→Δ,MMSE:読字理解,MMSE:読字理解,自己(回帰効果に注意),31,,,Spearman相関,"低分散注意: A非モーダル数=0, B非モーダル数=0",
B: ベースライン→Δ,MMSE:読字理解,MMSE:3段階命令,独立した組み合わせ,31,,,Spearman相関,低分散注意: A非モーダル数=0,
B: ベースライン→Δ,MMSE:読字理解,MMSE:書字,独立した組み合わせ,31,,,Spearman相関,"低分散注意: A非モーダル数=0, B非モーダル数=2",
B: ベースライン→Δ,MMSE:読字理解,MMSE:図形模写,独立した組み合わせ,31,,,Spearman相関,"低分散注意: A非モーダル数=0, B非モーダル数=4",
B: ベースライン→Δ,MMSE:読字理解,CDR:記憶,独立した組み合わせ,27,,,Spearman相関,低分散注意: A非モーダル数=0,
B: ベースライン→Δ,MMSE:読字理解,CDR:見当識,独立した組み合わせ,27,,,Spearman相関,低分散注意: A非モーダル数=0,
B: ベースライン→Δ,MMSE:読字理解,CDR:判断力・問題解決,独立した組み合わせ,27,,,Spearman相関,低分散注意: A非モーダル数=0,
B: ベースライン→Δ,MMSE:読字理解,CDR:地域社会の活動,独立した組み合わせ,27,,,Spearman相関,低分散注意: A非モーダル数=0,
B: ベースライン→Δ,MMSE:読字理解,CDR:家庭・趣味,独立した組み合わせ,27,,,Spearman相関,低分散注意: A非モーダル数=0,
B: ベースライン→Δ,MMSE:読字理解,CDR:身の回りの世話,独立した組み合わせ,27,,,Spearman相関,低分散注意: A非モーダル数=0,
B: ベースライン→Δ,MMSE:3段階命令,MMSE合計,構造的(部分-全体),31,-0.150772096935573,0.4181643062905376,Spearman相関,,0.8206379864256149
B: ベースライン→Δ,MMSE:3段階命令,CDR-SB,独立した組み合わせ,27,-0.2733921707154552,0.16764173539788035,Spearman相関,,0.6059927001262353
B: ベースライン→Δ,MMSE:3段階命令,Global CDR,独立した組み合わせ,27,-0.3041995179339701,0.12290481070989856,Spearman相関,,0.5218962030756941
B: ベースライン→Δ,MMSE:3段階命令,MoCA-J合計,独立した組み合わせ,25,-0.03808213478714716,0.8565814751158091,Spearman相関,,0.9059577088557726
B: ベースライン→Δ,MMSE:3段階命令,MMSE:時間見当識,独立した組み合わせ,31,-0.09428725368201447,0.6138943160307967,Spearman相関,,0.8783421414594189
B: ベースライン→Δ,MMSE:3段階命令,MMSE:場所見当識,独立した組み合わせ,31,0.10611508982177076,0.5699314240862485,Spearman相関,,0.8610664821163126
B: ベースライン→Δ,MMSE:3段階命令,MMSE:物品呼称,独立した組み合わせ,31,0.41968602983225883,0.01875417405945671,Spearman相関,低分散注意: B非モーダル数=1,0.20246206821274843
B: ベースライン→Δ,MMSE:3段階命令,MMSE:記銘,独立した組み合わせ,31,0.09792674029419374,0.6002162197180679,Spearman相関,低分散注意: B非モーダル数=1,0.8715924600501406
B: ベースライン→Δ,MMSE:3段階命令,MMSE:注意計算,独立した組み合わせ,31,0.09253250598125584,0.6205352330447089,Spearman相関,,0.8783421414594189
B: ベースライン→Δ,MMSE:3段階命令,MMSE:遅延再生,独立した組み合わせ,31,-0.05916949199451033,0.7518653043600387,Spearman相関,,0.9059577088557726
B: ベースライン→Δ,MMSE:3段階命令,MMSE:復唱,独立した組み合わせ,31,-0.17556726242771925,0.3448055823714397,Spearman相関,低分散注意: B非モーダル数=3,0.7712063788918461
B: ベースライン→Δ,MMSE:3段階命令,MMSE:読字理解,独立した組み合わせ,31,,,Spearman相関,低分散注意: B非モーダル数=0,
B: ベースライン→Δ,MMSE:3段階命令,MMSE:3段階命令,自己(回帰効果に注意),31,-0.8720242423823197,1.675033008623788e-10,Spearman相関,,3.2718978101784663e-08
B: ベースライン→Δ,MMSE:3段階命令,MMSE:書字,独立した組み合わせ,31,-0.14085683461546777,0.4497634705004537,Spearman相関,低分散注意: B非モーダル数=2,0.8232507499347392
B: ベースライン→Δ,MMSE:3段階命令,MMSE:図形模写,独立した組み合わせ,31,0.10351419028417112,0.5794758394872448,Spearman相関,低分散注意: B非モーダル数=4,0.8627754908421403
B: ベースライン→Δ,MMSE:3段階命令,CDR:記憶,独立した組み合わせ,27,-0.1424153357831654,0.47856024974350303,Spearman相関,,0.8272457414445216
B: ベースライン→Δ,MMSE:3段階命令,CDR:見当識,独立した組み合わせ,27,0.20778249065576535,0.2983463642027121,Spearman相関,,0.7394086359077641
B: ベースライン→Δ,MMSE:3段階命令,CDR:判断力・問題解決,独立した組み合わせ,27,-0.3594545458252428,0.06554852682290108,Spearman相関,,0.3879943102850508
B: ベースライン→Δ,MMSE:3段階命令,CDR:地域社会の活動,独立した組み合わせ,27,-0.2419393503082622,0.22404956278506136,Spearman相関,,0.6919232181322602
B: ベースライン→Δ,MMSE:3段階命令,CDR:家庭・趣味,独立した組み合わせ,27,-0.2388453949538607,0.2302125346147534,Spearman相関,,0.6951559125945811
B: ベースライン→Δ,MMSE:3段階命令,CDR:身の回りの世話,独立した組み合わせ,27,-0.15256360359970528,0.447436340342377,Spearman相関,,0.8232507499347392
B: ベースライン→Δ,MMSE:書字,MMSE合計,構造的(部分-全体),31,,,Spearman相関,低分散注意: A非モーダル数=0,
B: ベースライン→Δ,MMSE:書字,CDR-SB,独立した組み合わせ,27,,,Spearman相関,低分散注意: A非モーダル数=0,
B: ベースライン→Δ,MMSE:書字,Global CDR,独立した組み合わせ,27,,,Spearman相関,低分散注意: A非モーダル数=0,
B: ベースライン→Δ,MMSE:書字,MoCA-J合計,独立した組み合わせ,25,,,Spearman相関,低分散注意: A非モーダル数=0,
B: ベースライン→Δ,MMSE:書字,MMSE:時間見当識,独立した組み合わせ,31,,,Spearman相関,低分散注意: A非モーダル数=0,
B: ベースライン→Δ,MMSE:書字,MMSE:場所見当識,独立した組み合わせ,31,,,Spearman相関,低分散注意: A非モーダル数=0,
B: ベースライン→Δ,MMSE:書字,MMSE:物品呼称,独立した組み合わせ,31,,,Spearman相関,"低分散注意: A非モーダル数=0, B非モーダル数=1",
B: ベースライン→Δ,MMSE:書字,MMSE:記銘,独立した組み合わせ,31,,,Spearman相関,"低分散注意: A非モーダル数=0, B非モーダル数=1",
B: ベースライン→Δ,MMSE:書字,MMSE:注意計算,独立した組み合わせ,31,,,Spearman相関,低分散注意: A非モーダル数=0,
B: ベースライン→Δ,MMSE:書字,MMSE:遅延再生,独立した組み合わせ,31,,,Spearman相関,低分散注意: A非モーダル数=0,
B: ベースライン→Δ,MMSE:書字,MMSE:復唱,独立した組み合わせ,31,,,Spearman相関,"低分散注意: A非モーダル数=0, B非モーダル数=3",
B: ベースライン→Δ,MMSE:書字,MMSE:読字理解,独立した組み合わせ,31,,,Spearman相関,"低分散注意: A非モーダル数=0, B非モーダル数=0",
B: ベースライン→Δ,MMSE:書字,MMSE:3段階命令,独立した組み合わせ,31,,,Spearman相関,低分散注意: A非モーダル数=0,
B: ベースライン→Δ,MMSE:書字,MMSE:書字,自己(回帰効果に注意),31,,,Spearman相関,"低分散注意: A非モーダル数=0, B非モーダル数=2",
B: ベースライン→Δ,MMSE:書字,MMSE:図形模写,独立した組み合わせ,31,,,Spearman相関,"低分散注意: A非モーダル数=0, B非モーダル数=4",
B: ベースライン→Δ,MMSE:書字,CDR:記憶,独立した組み合わせ,27,,,Spearman相関,低分散注意: A非モーダル数=0,
B: ベースライン→Δ,MMSE:書字,CDR:見当識,独立した組み合わせ,27,,,Spearman相関,低分散注意: A非モーダル数=0,
B: ベースライン→Δ,MMSE:書字,CDR:判断力・問題解決,独立した組み合わせ,27,,,Spearman相関,低分散注意: A非モーダル数=0,
B: ベースライン→Δ,MMSE:書字,CDR:地域社会の活動,独立した組み合わせ,27,,,Spearman相関,低分散注意: A非モーダル数=0,
B: ベースライン→Δ,MMSE:書字,CDR:家庭・趣味,独立した組み合わせ,27,,,Spearman相関,低分散注意: A非モーダル数=0,
B: ベースライン→Δ,MMSE:書字,CDR:身の回りの世話,独立した組み合わせ,27,,,Spearman相関,低分散注意: A非モーダル数=0,
B: ベースライン→Δ,MMSE:図形模写,MMSE合計,構造的(部分-全体),31,0.0719162301619614,0.7006401814068447,Spearman相関,低分散注意: A非モーダル数=1,0.9051729734760916
B: ベースライン→Δ,MMSE:図形模写,CDR-SB,独立した組み合わせ,27,-0.17802790991288708,0.37431782408832254,Spearman相関,低分散注意: A非モーダル数=1,0.7953920039149691
B: ベースライン→Δ,MMSE:図形模写,Global CDR,独立した組み合わせ,27,-0.2673126333640891,0.1776735489104238,Spearman相関,低分散注意: A非モーダル数=1,0.623018977029809
B: ベースライン→Δ,MMSE:図形模写,MoCA-J合計,独立した組み合わせ,25,-0.1423860143615453,0.49716696930237936,Spearman相関,低分散注意: A非モーダル数=1,0.8325918948885798
B: ベースライン→Δ,MMSE:図形模写,MMSE:時間見当識,独立した組み合わせ,31,-0.08441822541139558,0.651619782350409,Spearman相関,低分散注意: A非モーダル数=1,0.892171010414345
B: ベースライン→Δ,MMSE:図形模写,MMSE:場所見当識,独立した組み合わせ,31,-0.04485358313279703,0.8106466070612738,Spearman相関,低分散注意: A非モーダル数=1,0.9059577088557726
B: ベースライン→Δ,MMSE:図形模写,MMSE:物品呼称,独立した組み合わせ,31,-0.03333333333333333,0.8587115128329493,Spearman相関,"低分散注意: A非モーダル数=1, B非モーダル数=1",0.9059577088557726
B: ベースライン→Δ,MMSE:図形模写,MMSE:記銘,独立した組み合わせ,31,0.03333333333333333,0.8587115128329493,Spearman相関,"低分散注意: A非モーダル数=1, B非モーダル数=1",0.9059577088557726
B: ベースライン→Δ,MMSE:図形模写,MMSE:注意計算,独立した組み合わせ,31,0.20933811980287076,0.258380724515304,Spearman相関,低分散注意: A非モーダル数=1,0.7112974710938381
B: ベースライン→Δ,MMSE:図形模写,MMSE:遅延再生,独立した組み合わせ,31,-0.08008841495465174,0.6684486822123813,Spearman相関,低分散注意: A非モーダル数=1,0.8979749245731541
B: ベースライン→Δ,MMSE:図形模写,MMSE:復唱,独立した組み合わせ,31,-0.05976143046671969,0.7494614771728659,Spearman相関,"低分散注意: A非モーダル数=1, B非モーダル数=3",0.9059577088557726
B: ベースライン→Δ,MMSE:図形模写,MMSE:読字理解,独立した組み合わせ,31,,,Spearman相関,"低分散注意: A非モーダル数=1, B非モーダル数=0",
B: ベースライン→Δ,MMSE:図形模写,MMSE:3段階命令,独立した組み合わせ,31,0.0698155701579382,0.7090006737636964,Spearman相関,低分散注意: A非モーダル数=1,0.9051729734760916
B: ベースライン→Δ,MMSE:図形模写,MMSE:書字,独立した組み合わせ,31,-0.04794633014853841,0.7978498621354133,Spearman相関,"低分散注意: A非モーダル数=1, B非モーダル数=2",0.9059577088557726
B: ベースライン→Δ,MMSE:図形模写,MMSE:図形模写,自己(回帰効果に注意),31,-0.5261042808091513,0.0023662937920111895,Spearman相関,"低分散注意: A非モーダル数=1, B非モーダル数=4",0.04952314864709132
B: ベースライン→Δ,MMSE:図形模写,CDR:記憶,独立した組み合わせ,27,-0.21921940259346587,0.27193031033781917,Spearman相関,低分散注意: A非モーダル数=1,0.7159045871137184
B: ベースライン→Δ,MMSE:図形模写,CDR:見当識,独立した組み合わせ,27,-0.21467550217363005,0.2822393650315101,Spearman相関,低分散注意: A非モーダル数=1,0.720130944121923
B: ベースライン→Δ,MMSE:図形模写,CDR:判断力・問題解決,独立した組み合わせ,27,-0.22632446989583943,0.25630175358457785,Spearman相関,低分散注意: A非モーダル数=1,0.7112974710938381
B: ベースライン→Δ,MMSE:図形模写,CDR:地域社会の活動,独立した組み合わせ,27,-0.13898424687395647,0.489328238240027,Spearman相関,低分散注意: A非モーダル数=1,0.8325918948885798
B: ベースライン→Δ,MMSE:図形模写,CDR:家庭・趣味,独立した組み合わせ,27,-0.12210154987546012,0.544040947698211,Spearman相関,低分散注意: A非モーダル数=1,0.8551992424450191
B: ベースライン→Δ,MMSE:図形模写,CDR:身の回りの世話,独立した組み合わせ,27,0.10409668775392324,0.6053551727652,Spearman相関,低分散注意: A非モーダル数=1,0.8715924600501406
B: ベースライン→Δ,CDR:記憶,MMSE合計,独立した組み合わせ,28,-0.2546162605150156,0.191025958003941,Spearman相関,,0.6358786188021734
B: ベースライン→Δ,CDR:記憶,CDR-SB,構造的(部分-全体),27,0.25776399621973434,0.1942636331344644,Spearman相関,,0.6358786188021734
B: ベースライン→Δ,CDR:記憶,Global CDR,構造的(部分-全体),27,-0.11304052079081796,0.5745341203199288,Spearman相関,,0.8610664821163126
B: ベースライン→Δ,CDR:記憶,MoCA-J合計,独立した組み合わせ,22,-0.45192995882004006,0.03472649435041093,Spearman相関,,0.28569327983461934
B: ベースライン→Δ,CDR:記憶,MMSE:時間見当識,独立した組み合わせ,28,-0.38103524710519704,0.04544447194951495,Spearman相関,,0.31920991262755216
B: ベースライン→Δ,CDR:記憶,MMSE:場所見当識,独立した組み合わせ,28,-0.15721139493847838,0.42432305441460977,Spearman相関,,0.8206379864256149
B: ベースライン→Δ,CDR:記憶,MMSE:物品呼称,独立した組み合わせ,28,0.03919631571947541,0.8430239064747945,Spearman相関,低分散注意: B非モーダル数=1,0.9059577088557726
B: ベースライン→Δ,CDR:記憶,MMSE:記銘,独立した組み合わせ,28,-0.03919631571947541,0.8430239064747945,Spearman相関,低分散注意: B非モーダル数=1,0.9059577088557726
B: ベースライン→Δ,CDR:記憶,MMSE:注意計算,独立した組み合わせ,28,-0.07444115379169232,0.7065678120620648,Spearman相関,,0.9051729734760916
B: ベースライン→Δ,CDR:記憶,MMSE:遅延再生,独立した組み合わせ,28,0.14833706837155095,0.4512564834355957,Spearman相関,,0.8232507499347392
B: ベースライン→Δ,CDR:記憶,MMSE:復唱,独立した組み合わせ,28,-0.2469367890326951,0.20521945411632797,Spearman相関,低分散注意: B非モーダル数=3,0.6571508202850721
B: ベースライン→Δ,CDR:記憶,MMSE:読字理解,独立した組み合わせ,28,,,Spearman相関,低分散注意: B非モーダル数=0,
B: ベースライン→Δ,CDR:記憶,MMSE:3段階命令,独立した組み合わせ,28,-0.08296296296296296,0.6746982881461802,Spearman相関,,0.8979749245731541
B: ベースライン→Δ,CDR:記憶,MMSE:書字,独立した組み合わせ,28,-0.7060987881136028,2.6891241704049625e-05,Spearman相関,低分散注意: B非モーダル数=2,0.00131318896988109
B: ベースライン→Δ,CDR:記憶,MMSE:図形模写,独立した組み合わせ,28,-0.2285185185185185,0.2421489504998003,Spearman相関,低分散注意: B非モーダル数=4,0.6981171322766211
B: ベースライン→Δ,CDR:記憶,CDR:記憶,自己(回帰効果に注意),27,-0.07348694572634241,0.7156534798876212,Spearman相関,,0.9059577088557726
B: ベースライン→Δ,CDR:記憶,CDR:見当識,独立した組み合わせ,27,0.4031093588738078,0.037078281574740246,Spearman相関,,0.28644179161806277
B: ベースライン→Δ,CDR:記憶,CDR:判断力・問題解決,独立した組み合わせ,27,-0.03445210131781778,0.8645400655953579,Spearman相関,,0.9059577088557726
B: ベースライン→Δ,CDR:記憶,CDR:地域社会の活動,独立した組み合わせ,27,-0.18563377316950638,0.35391023777922176,Spearman相関,,0.7826090541080148
B: ベースライン→Δ,CDR:記憶,CDR:家庭・趣味,独立した組み合わせ,27,0.09486612614838213,0.6378709920948091,Spearman相関,,0.8899819080179956
B: ベースライン→Δ,CDR:記憶,CDR:身の回りの世話,独立した組み合わせ,27,0.4559574072110635,0.016834784631340804,Spearman相関,,0.18971507296087906
B: ベースライン→Δ,CDR:見当識,MMSE合計,独立した組み合わせ,28,-0.06729468069814148,0.7336749813655499,Spearman相関,,0.9059577088557726
B: ベースライン→Δ,CDR:見当識,CDR-SB,構造的(部分-全体),27,0.005247988274076036,0.9792740100278572,Spearman相関,,0.9877014972053775
B: ベースライン→Δ,CDR:見当識,Global CDR,構造的(部分-全体),27,0.2695589580142076,0.17391921411736389,Spearman相関,,0.6139557799564773
B: ベースライン→Δ,CDR:見当識,MoCA-J合計,独立した組み合わせ,22,-0.2150576418405224,0.33648201955716034,Spearman相関,,0.7583787056172921
B: ベースライン→Δ,CDR:見当識,MMSE:時間見当識,独立した組み合わせ,28,0.1423221924455319,0.47001592149684585,Spearman相関,,0.8232507499347392
B: ベースライン→Δ,CDR:見当識,MMSE:場所見当識,独立した組み合わせ,28,-0.018357156456302433,0.9261293165144464,Spearman相関,,0.9537992609445792
B: ベースライン→Δ,CDR:見当識,MMSE:物品呼称,独立した組み合わせ,28,0.3474382044313651,0.07005428521411433,Spearman相関,低分散注意: B非モーダル数=1,0.39645444926236545
B: ベースライン→Δ,CDR:見当識,MMSE:記銘,独立した組み合わせ,28,-0.3474382044313651,0.07005428521411433,Spearman相関,低分散注意: B非モーダル数=1,0.39645444926236545
B: ベースライン→Δ,CDR:見当識,MMSE:注意計算,独立した組み合わせ,28,-0.03655420713377713,0.8534883967712611,Spearman相関,,0.9059577088557726
B: ベースライン→Δ,CDR:見当識,MMSE:遅延再生,独立した組み合わせ,28,-0.2803674145304288,0.14843125024848955,Spearman相関,,0.5648098223741225
B: ベースライン→Δ,CDR:見当識,MMSE:復唱,独立した組み合わせ,28,-0.14213381090374028,0.47060992116464123,Spearman相関,低分散注意: B非モーダル数=3,0.8232507499347392
B: ベースライン→Δ,CDR:見当識,MMSE:読字理解,独立した組み合わせ,28,,,Spearman相関,低分散注意: B非モーダル数=0,
B: ベースライン→Δ,CDR:見当識,MMSE:3段階命令,独立した組み合わせ,28,-0.08267146705001123,0.675779764055906,Spearman相関,,0.8979749245731541
B: ベースライン→Δ,CDR:見当識,MMSE:書字,独立した組み合わせ,28,-0.11379812366648648,0.5642181737338438,Spearman相関,低分散注意: B非モーダル数=2,0.8610664821163126
B: ベースライン→Δ,CDR:見当識,MMSE:図形模写,独立した組み合わせ,28,-0.08356682589892832,0.6724599150643661,Spearman相関,低分散注意: B非モーダル数=4,0.8979749245731541
B: ベースライン→Δ,CDR:見当識,CDR:記憶,独立した組み合わせ,27,0.187670366876311,0.3485600434037362,Spearman相関,,0.7766394883444464
B: ベースライン→Δ,CDR:見当識,CDR:見当識,自己(回帰効果に注意),27,-0.3484785400363476,0.0748499954097164,Spearman相関,,0.4024045624779249
B: ベースライン→Δ,CDR:見当識,CDR:判断力・問題解決,独立した組み合わせ,27,-0.03772074498263991,0.8518219301361428,Spearman相関,,0.9059577088557726
B: ベースライン→Δ,CDR:見当識,CDR:地域社会の活動,独立した組み合わせ,27,-0.07633103082283958,0.7051240787737022,Spearman相関,,0.9051729734760916
B: ベースライン→Δ,CDR:見当識,CDR:家庭・趣味,独立した組み合わせ,27,-0.05039111582161847,0.802890236832432,Spearman相関,,0.9059577088557726
B: ベースライン→Δ,CDR:見当識,CDR:身の回りの世話,独立した組み合わせ,27,0.22306433090126412,0.2633985515825305,Spearman相関,,0.7112974710938381
B: ベースライン→Δ,CDR:判断力・問題解決,MMSE合計,独立した組み合わせ,28,-0.28203997663134805,0.1459232735409463,Spearman相関,,0.5640766268748176
B: ベースライン→Δ,CDR:判断力・問題解決,CDR-SB,構造的(部分-全体),27,0.048522229203493555,0.8100668378546906,Spearman相関,,0.9059577088557726
B: ベースライン→Δ,CDR:判断力・問題解決,Global CDR,構造的(部分-全体),27,-0.009285714285714286,0.963335981560465,Spearman相関,,0.9800605645736675
B: ベースライン→Δ,CDR:判断力・問題解決,MoCA-J合計,独立した組み合わせ,22,-0.30742029139108573,0.16400254847275172,Spearman相関,,0.6006593337814532
B: ベースライン→Δ,CDR:判断力・問題解決,MMSE:時間見当識,独立した組み合わせ,28,-0.04917004743650771,0.8037698577488809,Spearman相関,,0.9059577088557726
B: ベースライン→Δ,CDR:判断力・問題解決,MMSE:場所見当識,独立した組み合わせ,28,0.033074378991769376,0.8673076359523694,Spearman相関,,0.9059577088557726
B: ベースライン→Δ,CDR:判断力・問題解決,MMSE:物品呼称,独立した組み合わせ,28,0.060216306977459395,0.7608355361730843,Spearman相関,低分散注意: B非モーダル数=1,0.9059577088557726
B: ベースライン→Δ,CDR:判断力・問題解決,MMSE:記銘,独立した組み合わせ,28,-0.060216306977459395,0.7608355361730843,Spearman相関,低分散注意: B非モーダル数=1,0.9059577088557726
B: ベースライン→Δ,CDR:判断力・問題解決,MMSE:注意計算,独立した組み合わせ,28,-0.34344355824923145,0.07355783041945725,Spearman相関,,0.4024045624779249
B: ベースライン→Δ,CDR:判断力・問題解決,MMSE:遅延再生,独立した組み合わせ,28,0.04996846420373755,0.8006462235748025,Spearman相関,,0.9059577088557726
B: ベースライン→Δ,CDR:判断力・問題解決,MMSE:復唱,独立した組み合わせ,28,-0.3612978418647564,0.05888898676598567,Spearman相関,低分散注意: B非モーダル数=3,0.36325206573544844
B: ベースライン→Δ,CDR:判断力・問題解決,MMSE:読字理解,独立した組み合わせ,28,,,Spearman相関,低分散注意: B非モーダル数=0,
B: ベースライン→Δ,CDR:判断力・問題解決,MMSE:3段階命令,独立した組み合わせ,28,-0.2964441121511972,0.12557570756599465,Spearman相関,,0.5218962030756941
B: ベースライン→Δ,CDR:判断力・問題解決,MMSE:書字,独立した組み合わせ,28,-0.4772951402304175,0.010218253789421235,Spearman相関,低分散注意: B非モーダル数=2,0.14138633204807532
B: ベースライン→Δ,CDR:判断力・問題解決,MMSE:図形模写,独立した組み合わせ,28,-0.1359887577814513,0.4901983667901698,Spearman相関,低分散注意: B非モーダル数=4,0.8325918948885798
B: ベースライン→Δ,CDR:判断力・問題解決,CDR:記憶,独立した組み合わせ,27,0.08564043066037867,0.6710366558602823,Spearman相関,,0.8979749245731541
B: ベースライン→Δ,CDR:判断力・問題解決,CDR:見当識,独立した組み合わせ,27,0.16513013900080248,0.410443650621901,Spearman相関,,0.8190794698058712
B: ベースライン→Δ,CDR:判断力・問題解決,CDR:判断力・問題解決,自己(回帰効果に注意),27,-0.29300684981410446,0.13800996751503625,Spearman相関,,0.556327597924072
B: ベースライン→Δ,CDR:判断力・問題解決,CDR:地域社会の活動,独立した組み合わせ,27,-0.22433804426930345,0.26061089322749864,Spearman相関,,0.7112974710938381
B: ベースライン→Δ,CDR:判断力・問題解決,CDR:家庭・趣味,独立した組み合わせ,27,-0.1649583709857392,0.4109374814384405,Spearman相関,,0.8190794698058712
B: ベースライン→Δ,CDR:判断力・問題解決,CDR:身の回りの世話,独立した組み合わせ,27,0.40114819677570224,0.03809719304232803,Spearman相関,,0.2899344821143406
B: ベースライン→Δ,CDR:地域社会の活動,MMSE合計,独立した組み合わせ,28,-0.16379921148574517,0.4049157018103198,Spearman相関,,0.8190794698058712
B: ベースライン→Δ,CDR:地域社会の活動,CDR-SB,構造的(部分-全体),27,0.2123976976214366,0.2874994867060905,Spearman相関,,0.7203487274060424
B: ベースライン→Δ,CDR:地域社会の活動,Global CDR,構造的(部分-全体),27,0.3080965260884243,0.11794130091597825,Spearman相関,,0.5044788491734544
B: ベースライン→Δ,CDR:地域社会の活動,MoCA-J合計,独立した組み合わせ,22,-0.1993462732141757,0.3737813845044711,Spearman相関,,0.7953920039149691
B: ベースライン→Δ,CDR:地域社会の活動,MMSE:時間見当識,独立した組み合わせ,28,-0.19558341842604757,0.31856002970121544,Spearman相関,,0.7583787056172921
B: ベースライン→Δ,CDR:地域社会の活動,MMSE:場所見当識,独立した組み合わせ,28,-0.09639234078252341,0.6255892012710339,Spearman相関,,0.8793882368672774
B: ベースライン→Δ,CDR:地域社会の活動,MMSE:物品呼称,独立した組み合わせ,28,-0.11832159566199231,0.5487285241626744,Spearman相関,低分散注意: B非モーダル数=1,0.8551992424450191
B: ベースライン→Δ,CDR:地域社会の活動,MMSE:記銘,独立した組み合わせ,28,-0.21034950339909744,0.28264525110587424,Spearman相関,低分散注意: B非モーダル数=1,0.720130944121923
B: ベースライン→Δ,CDR:地域社会の活動,MMSE:注意計算,独立した組み合わせ,28,-0.1654151334504794,0.4002328089724384,Spearman相関,,0.8166681802585634
B: ベースライン→Δ,CDR:地域社会の活動,MMSE:遅延再生,独立した組み合わせ,28,-0.03867900688707625,0.8450707951224896,Spearman相関,,0.9059577088557726
B: ベースライン→Δ,CDR:地域社会の活動,MMSE:復唱,独立した組み合わせ,28,0.05521674464226308,0.780190132765663,Spearman相関,低分散注意: B非モーダル数=3,0.9059577088557726
B: ベースライン→Δ,CDR:地域社会の活動,MMSE:読字理解,独立した組み合わせ,28,,,Spearman相関,低分散注意: B非モーダル数=0,
B: ベースライン→Δ,CDR:地域社会の活動,MMSE:3段階命令,独立した組み合わせ,28,0.08273451516749221,0.6755457964428814,Spearman相関,,0.8979749245731541
B: ベースライン→Δ,CDR:地域社会の活動,MMSE:書字,独立した組み合わせ,28,-0.47366546671567095,0.010893562182575835,Spearman相関,低分散注意: B非モーダル数=2,0.1450824417952145
B: ベースライン→Δ,CDR:地域社会の活動,MMSE:図形模写,独立した組み合わせ,28,-0.0648459713474939,0.7430373790704365,Spearman相関,低分散注意: B非モーダル数=4,0.9059577088557726
B: ベースライン→Δ,CDR:地域社会の活動,CDR:記憶,独立した組み合わせ,27,0.09232193350278331,0.646952820021815,Spearman相関,,0.892171010414345
B: ベースライン→Δ,CDR:地域社会の活動,CDR:見当識,独立した組み合わせ,27,0.09653769536931643,0.6319316537405516,Spearman相関,,0.8859137538085246
B: ベースライン→Δ,CDR:地域社会の活動,CDR:判断力・問題解決,独立した組み合わせ,27,-0.006058103229171389,0.9760754460224335,Spearman相関,,0.9861727782226656
B: ベースライン→Δ,CDR:地域社会の活動,CDR:地域社会の活動,自己(回帰効果に注意),27,-0.19940476190476192,0.31868209307198386,Spearman相関,,0.7583787056172921
B: ベースライン→Δ,CDR:地域社会の活動,CDR:家庭・趣味,独立した組み合わせ,27,-0.04067259173910421,0.8403673440748881,Spearman相関,,0.9059577088557726
B: ベースライン→Δ,CDR:地域社会の活動,CDR:身の回りの世話,独立した組み合わせ,27,0.48483204494055687,0.010374764979636925,Spearman相関,,0.14138633204807532
B: ベースライン→Δ,CDR:家庭・趣味,MMSE合計,独立した組み合わせ,28,-0.2593097332618675,0.18269400017072873,Spearman相関,,0.6297569652943944
B: ベースライン→Δ,CDR:家庭・趣味,CDR-SB,構造的(部分-全体),27,0.22820383486695256,0.2522678605435051,Spearman相関,,0.7103497780613726
B: ベースライン→Δ,CDR:家庭・趣味,Global CDR,構造的(部分-全体),27,0.22319814880979527,0.263104772579237,Spearman相関,,0.7112974710938381
B: ベースライン→Δ,CDR:家庭・趣味,MoCA-J合計,独立した組み合わせ,22,-0.16939818315158156,0.45106502881043653,Spearman相関,,0.8232507499347392
B: ベースライン→Δ,CDR:家庭・趣味,MMSE:時間見当識,独立した組み合わせ,28,-0.28704054128671297,0.13860721723022953,Spearman相関,,0.556327597924072
B: ベースライン→Δ,CDR:家庭・趣味,MMSE:場所見当識,独立した組み合わせ,28,-0.38429994874476936,0.04347680001105088,Spearman相関,,0.31920991262755216
B: ベースライン→Δ,CDR:家庭・趣味,MMSE:物品呼称,独立した組み合わせ,28,0.16306653015674283,0.4070491023259307,Spearman相関,低分散注意: B非モーダル数=1,0.8190794698058712
B: ベースライン→Δ,CDR:家庭・趣味,MMSE:記銘,独立した組み合わせ,28,-0.16306653015674283,0.4070491023259307,Spearman相関,低分散注意: B非モーダル数=1,0.8190794698058712
B: ベースライン→Δ,CDR:家庭・趣味,MMSE:注意計算,独立した組み合わせ,28,-0.07419750157469814,0.7074864771661415,Spearman相関,,0.9051729734760916
B: ベースライン→Δ,CDR:家庭・趣味,MMSE:遅延再生,独立した組み合わせ,28,-0.23714337644361766,0.22434370553776356,Spearman相関,,0.6919232181322602
B: ベースライン→Δ,CDR:家庭・趣味,MMSE:復唱,独立した組み合わせ,28,0.08153326507837143,0.6800086100633098,Spearman相関,低分散注意: B非モーダル数=3,0.898733332470938
B: ベースライン→Δ,CDR:家庭・趣味,MMSE:読字理解,独立した組み合わせ,28,,,Spearman相関,低分散注意: B非モーダル数=0,
B: ベースライン→Δ,CDR:家庭・趣味,MMSE:3段階命令,独立した組み合わせ,28,0.0986133682178185,0.6176088498387794,Spearman相関,,0.8783421414594189
B: ベースライン→Δ,CDR:家庭・趣味,MMSE:書字,独立した組み合わせ,28,-0.27417119542470836,0.15799220706082068,Spearman相関,低分散注意: B非モーダル数=2,0.5859710970736767
B: ベースライン→Δ,CDR:家庭・趣味,MMSE:図形模写,独立した組み合わせ,28,-0.2711867625990009,0.16275056377068012,Spearman相関,低分散注意: B非モーダル数=4,0.5998228325133242
B: ベースライン→Δ,CDR:家庭・趣味,CDR:記憶,独立した組み合わせ,27,0.1439880964744779,0.47366531310652876,Spearman相関,,0.8232507499347392
B: ベースライン→Δ,CDR:家庭・趣味,CDR:見当識,独立した組み合わせ,27,0.11504474832710557,0.5677243513960624,Spearman相関,,0.8610664821163126
B: ベースライン→Δ,CDR:家庭・趣味,CDR:判断力・問題解決,独立した組み合わせ,27,0.13528214248556433,0.5010825473156372,Spearman相関,,0.8325918948885798
B: ベースライン→Δ,CDR:家庭・趣味,CDR:地域社会の活動,独立した組み合わせ,27,0.009930900384472289,0.9607903707622184,Spearman相関,,0.9791707082898434
B: ベースライン→Δ,CDR:家庭・趣味,CDR:家庭・趣味,自己(回帰効果に注意),27,-0.21755507919148923,0.27567780790092045,Spearman相関,,0.720130944121923
B: ベースライン→Δ,CDR:家庭・趣味,CDR:身の回りの世話,独立した組み合わせ,27,0.424589533158894,0.0272806503853298,Spearman相関,,0.24851933166791063
B: ベースライン→Δ,CDR:身の回りの世話,MMSE合計,独立した組み合わせ,28,-0.2281528484214502,0.24292392453324546,Spearman相関,低分散注意: A非モーダル数=1,0.6981171322766211
B: ベースライン→Δ,CDR:身の回りの世話,CDR-SB,構造的(部分-全体),27,0.17802790991288708,0.37431782408832254,Spearman相関,低分散注意: A非モーダル数=1,0.7953920039149691
B: ベースライン→Δ,CDR:身の回りの世話,Global CDR,構造的(部分-全体),27,-0.1257941804066302,0.531834884143783,Spearman相関,低分散注意: A非モーダル数=1,0.8521525748125034
B: ベースライン→Δ,CDR:身の回りの世話,MoCA-J合計,独立した組み合わせ,22,-0.3291869275843135,0.13466554128793437,Spearman相関,低分散注意: A非モーダル数=1,0.5518462041589478
B: ベースライン→Δ,CDR:身の回りの世話,MMSE:時間見当識,独立した組み合わせ,28,-0.2966890019640648,0.12524879129666422,Spearman相関,低分散注意: A非モーダル数=1,0.5218962030756941
B: ベースライン→Δ,CDR:身の回りの世話,MMSE:場所見当識,独立した組み合わせ,28,0.02649313721482626,0.8935447572307971,Spearman相関,低分散注意: A非モーダル数=1,0.9234871741397657
B: ベースライン→Δ,CDR:身の回りの世話,MMSE:物品呼称,独立した組み合わせ,28,0.03703703703703703,0.8515742063148878,Spearman相関,"低分散注意: A非モーダル数=1, B非モーダル数=1",0.9059577088557726
B: ベースライン→Δ,CDR:身の回りの世話,MMSE:記銘,独立した組み合わせ,28,-0.03703703703703703,0.8515742063148878,Spearman相関,"低分散注意: A非モーダル数=1, B非モーダル数=1",0.9059577088557726
B: ベースライン→Δ,CDR:身の回りの世話,MMSE:注意計算,独立した組み合わせ,28,-0.24619097530191345,0.20663529365750266,Spearman相関,低分散注意: A非モーダル数=1,0.6580884895831335
B: ベースライン→Δ,CDR:身の回りの世話,MMSE:遅延再生,独立した組み合わせ,28,0.09127046351709504,0.6441494810024424,Spearman相関,低分散注意: A非モーダル数=1,0.892171010414345
B: ベースライン→Δ,CDR:身の回りの世話,MMSE:復唱,独立した組み合わせ,28,0.06666666666666665,0.7360726400527393,Spearman相関,"低分散注意: A非モーダル数=1, B非モーダル数=3",0.9059577088557726
B: ベースライン→Δ,CDR:身の回りの世話,MMSE:読字理解,独立した組み合わせ,28,,,Spearman相関,"低分散注意: A非モーダル数=1, B非モーダル数=0",
B: ベースライン→Δ,CDR:身の回りの世話,MMSE:3段階命令,独立した組み合わせ,28,-0.07839263143895082,0.6917261249268514,Spearman相関,低分散注意: A非モーダル数=1,0.9051729734760916
B: ベースライン→Δ,CDR:身の回りの世話,MMSE:書字,独立した組み合わせ,28,0.053376051268362375,0.7873490133012551,Spearman相関,"低分散注意: A非モーダル数=1, B非モーダル数=2",0.9059577088557726
B: ベースライン→Δ,CDR:身の回りの世話,MMSE:図形模写,独立した組み合わせ,28,0.03919631571947541,0.8430239064747945,Spearman相関,"低分散注意: A非モーダル数=1, B非モーダル数=4",0.9059577088557726
B: ベースライン→Δ,CDR:身の回りの世話,CDR:記憶,独立した組み合わせ,27,0.37998029782867415,0.050577506480713325,Spearman相関,低分散注意: A非モーダル数=1,0.3364860832992241
B: ベースライン→Δ,CDR:身の回りの世話,CDR:見当識,独立した組み合わせ,27,0.21467550217363005,0.2822393650315101,Spearman相関,低分散注意: A非モーダル数=1,0.720130944121923
B: ベースライン→Δ,CDR:身の回りの世話,CDR:判断力・問題解決,独立した組み合わせ,27,-0.11316223494791972,0.5741195392916647,Spearman相関,低分散注意: A非モーダル数=1,0.8610664821163126
B: ベースライン→Δ,CDR:身の回りの世話,CDR:地域社会の活動,独立した組み合わせ,27,-0.19457794562353908,0.330775724020043,Spearman相関,低分散注意: A非モーダル数=1,0.7583787056172921
B: ベースライン→Δ,CDR:身の回りの世話,CDR:家庭・趣味,独立した組み合わせ,27,-0.17636890537566463,0.37885808229569495,Spearman相関,低分散注意: A非モーダル数=1,0.7957377642483056
B: ベースライン→Δ,CDR:身の回りの世話,CDR:身の回りの世話,自己(回帰効果に注意),27,0.32963951122075696,0.09313026157280517,Spearman相関,低分散注意: A非モーダル数=1,0.4318004265939634
