Phase,組み合わせ,関係性,N,検定,統計量,p値(未補正),q値(BH-FDR),低分散注意
B: ベースライン→Δ,MMSE:復唱(baseline) → MMSE:物品呼称(Δ),独立した組み合わせ,31,Spearman相関,1.0,0.0,0.0,"低分散注意: A非モーダル数=1, B非モーダル数=1"
B: ベースライン→Δ,MMSE:記銘(baseline) → MMSE:記銘(Δ),自己(回帰効果に注意),31,Spearman相関,-1.0,0.0,0.0,"低分散注意: A非モーダル数=1, B非モーダル数=1"
B: ベースライン→Δ,MMSE:3段階命令(baseline) → MMSE:3段階命令(Δ),自己(回帰効果に注意),31,Spearman相関,-0.8720242423823197,1.675033008623788e-10,3.2718978101784663e-08,
B: ベースライン→Δ,MMSE:遅延再生(baseline) → MMSE:遅延再生(Δ),自己(回帰効果に注意),31,Spearman相関,-0.7946947623616567,9.367388208015182e-08,1.372322372474224e-05,
A: Δ×Δ,CDR:判断力・問題解決(Δ) × CDR:地域社会の活動(Δ),独立した組み合わせ,27,Spearman相関,0.7807380536594628,1.5519291019372474e-06,0.00018188609074704538,
A: Δ×Δ,CDR-SB(Δ) × MMSE:時間見当識(Δ),独立した組み合わせ,27,Spearman相関,-0.7756236795580667,2.008948067505324e-06,0.00019620726125968666,
A: Δ×Δ,MMSE:時間見当識(Δ) × CDR:見当識(Δ),独立した組み合わせ,27,Spearman相関,-0.7535798378560978,5.688415395837666e-06,0.00047620163170869603,
A: Δ×Δ,MMSE合計(Δ) × MMSE:時間見当識(Δ),構造的(部分-全体),31,Spearman相関,0.7084862331100218,8.205406090279215e-06,0.0006010459961129525,
A: Δ×Δ,MMSE合計(Δ) × MMSE:注意計算(Δ),構造的(部分-全体),31,Spearman相関,0.6963022329997819,1.3600377985826089e-05,0.0008855357221882321,
A: Δ×Δ,MMSE合計(Δ) × CDR-SB(Δ),独立した組み合わせ,27,Spearman相関,-0.720150124095976,2.282715054126259e-05,0.00131318896988109,
B: ベースライン→Δ,Global CDR(baseline) → MMSE:書字(Δ),独立した組み合わせ,28,Spearman相関,-0.7060987881136028,2.6891241704049625e-05,0.00131318896988109,"低分散注意: A非モーダル数=4, B非モーダル数=2"
B: ベースライン→Δ,CDR:記憶(baseline) → MMSE:書字(Δ),独立した組み合わせ,28,Spearman相関,-0.7060987881136028,2.6891241704049625e-05,0.00131318896988109,低分散注意: B非モーダル数=2
A: Δ×Δ,CDR-SB(Δ) × Global CDR(Δ),独立した組み合わせ,27,Spearman相関,0.7093487793082153,3.432278750923153e-05,0.001547165652339206,
A: Δ×Δ,CDR-SB(Δ) × CDR:地域社会の活動(Δ),構造的(部分-全体),27,Spearman相関,0.6998231831885795,4.846480785134086e-05,0.002028598385777553,
A: Δ×Δ,MMSE合計(Δ) × CDR:見当識(Δ),独立した組み合わせ,27,Spearman相関,-0.6953661134843332,5.6702243550032464e-05,0.0022151676480212682,
A: Δ×Δ,CDR-SB(Δ) × CDR:判断力・問題解決(Δ),構造的(部分-全体),27,Spearman相関,0.6841924320571475,8.305410495709947e-05,0.0030393144890888003,
A: Δ×Δ,Global CDR(Δ) × CDR:判断力・問題解決(Δ),構造的(部分-全体),27,Spearman相関,0.6823975318039011,8.817123944455565e-05,0.0030393144890888003,
A: Δ×Δ,CDR-SB(Δ) × CDR:見当識(Δ),構造的(部分-全体),27,Spearman相関,0.6515837655350016,0.00023170539288797418,0.007321452629606335,
A: Δ×Δ,MMSE合計(Δ) × MoCA-J合計(Δ),独立した組み合わせ,25,Spearman相関,0.671537431393694,0.00023742589220386584,0.007321452629606335,
A: Δ×Δ,Global CDR(Δ) × CDR:地域社会の活動(Δ),構造的(部分-全体),27,Spearman相関,0.6490230098747954,0.00024987892933810016,0.007321452629606335,
A: Δ×Δ,MoCA-J合計(Δ) × MMSE:時間見当識(Δ),独立した組み合わせ,25,Spearman相関,0.6593293070591538,0.00033725768543105543,0.00941109541250469,
A: Δ×Δ,CDR-SB(Δ) × CDR:家庭・趣味(Δ),構造的(部分-全体),27,Spearman相関,0.6369427769809676,0.00035357794131107866,0.009418030618558731,
A: Δ×Δ,MMSE:場所見当識(Δ) × CDR:判断力・問題解決(Δ),独立した組み合わせ,27,Spearman相関,-0.6268625367101591,0.0004672112110973371,0.011823109378685652,
A: Δ×Δ,MMSE:書字(Δ) × CDR:身の回りの世話(Δ),独立した組み合わせ,27,Spearman相関,-0.6255432421712243,0.0004842229097072622,0.011823109378685652,低分散注意: A非モーダル数=2
B: ベースライン→Δ,MMSE:注意計算(baseline) → MMSE:注意計算(Δ),自己(回帰効果に注意),31,Spearman相関,-0.5588913922741322,0.0010827584911382,0.025379859032279406,
A: Δ×Δ,CDR-SB(Δ) × CDR:身の回りの世話(Δ),構造的(部分-全体),27,Spearman相関,0.5897592532404287,0.0012055853634754836,0.02717203934602436,
B: ベースライン→Δ,MMSE合計(baseline) → MMSE合計(Δ),自己(回帰効果に注意),31,Spearman相関,-0.5263184802232934,0.0023548279713720968,0.04952314864709132,
B: ベースライン→Δ,MMSE:図形模写(baseline) → MMSE:図形模写(Δ),自己(回帰効果に注意),31,Spearman相関,-0.5261042808091513,0.0023662937920111895,0.04952314864709132,"低分散注意: A非モーダル数=1, B非モーダル数=4"
A: Δ×Δ,MMSE合計(Δ) × CDR:地域社会の活動(Δ),独立した組み合わせ,27,Spearman相関,-0.550560462290163,0.0029226645442260403,0.058471429842227106,
B: ベースライン→Δ,MMSE合計(baseline) → CDR:地域社会の活動(Δ),独立した組み合わせ,27,Spearman相関,0.5494322636140411,0.0029934179100116263,0.058471429842227106,
A: Δ×Δ,MMSE合計(Δ) × MMSE:遅延再生(Δ),構造的(部分-全体),31,Spearman相関,0.5068801396604509,0.0036137401097942703,0.06831134530127234,
A: Δ×Δ,MMSE合計(Δ) × MMSE:場所見当識(Δ),構造的(部分-全体),31,Spearman相関,0.5020275289830259,0.004006148134868167,0.0733625877197733,
A: Δ×Δ,MMSE:場所見当識(Δ) × MMSE:遅延再生(Δ),独立した組み合わせ,31,Spearman相関,0.4986112517495373,0.004303885835034082,0.07642657876757492,
A: Δ×Δ,MoCA-J合計(Δ) × CDR:記憶(Δ),独立した組み合わせ,21,Spearman相関,-0.5769205898420583,0.0061806141836209146,0.10652470328240753,
A: Δ×Δ,CDR-SB(Δ) × MMSE:場所見当識(Δ),独立した組み合わせ,27,Spearman相関,-0.5079457920335153,0.00683256283188557,0.11439662341385555,
A: Δ×Δ,MMSE:時間見当識(Δ) × CDR:地域社会の活動(Δ),独立した組み合わせ,27,Spearman相関,-0.49755293418081814,0.008272959623470874,0.12827434892375764,
A: Δ×Δ,CDR-SB(Δ) × CDR:記憶(Δ),構造的(部分-全体),27,Spearman相関,0.4975104049757467,0.008279339756156063,0.12827434892375764,
A: Δ×Δ,CDR-SB(Δ) × MoCA-J合計(Δ),独立した組み合わせ,21,Spearman相関,-0.5597949189544997,0.008318131841472337,0.12827434892375764,
A: Δ×Δ,MMSE:時間見当識(Δ) × CDR:記憶(Δ),独立した組み合わせ,27,Spearman相関,-0.49580111052099785,0.00853920335160693,0.12830700420619642,
B: ベースライン→Δ,MMSE:場所見当識(baseline) → MMSE:場所見当識(Δ),自己(回帰効果に注意),31,Spearman相関,-0.46104301654705715,0.009044400601342834,0.1325004688096725,
B: ベースライン→Δ,CDR:判断力・問題解決(baseline) → MMSE:書字(Δ),独立した組み合わせ,28,Spearman相関,-0.4772951402304175,0.010218253789421235,0.14138633204807532,低分散注意: B非モーダル数=2
A: Δ×Δ,MMSE:時間見当識(Δ) × CDR:家庭・趣味(Δ),独立した組み合わせ,27,Spearman相関,-0.48499979906079305,0.010344397312224566,0.14138633204807532,
B: ベースライン→Δ,CDR:地域社会の活動(baseline) → CDR:身の回りの世話(Δ),独立した組み合わせ,27,Spearman相関,0.48483204494055687,0.010374764979636925,0.14138633204807532,
B: ベースライン→Δ,CDR:地域社会の活動(baseline) → MMSE:書字(Δ),独立した組み合わせ,28,Spearman相関,-0.47366546671567095,0.010893562182575835,0.1450824417952145,低分散注意: B非モーダル数=2
A: Δ×Δ,MoCA-J合計(Δ) × MMSE:注意計算(Δ),独立した組み合わせ,25,Spearman相関,0.49285271315052037,0.01230958086665986,0.15745651986473808,
A: Δ×Δ,MMSE合計(Δ) × CDR:判断力・問題解決(Δ),独立した組み合わせ,27,Spearman相関,-0.4736941191883631,0.012564334203693798,0.15745651986473808,
A: Δ×Δ,Global CDR(Δ) × CDR:身の回りの世話(Δ),構造的(部分-全体),27,Spearman相関,0.4733916506809531,0.012628765245124043,0.15745651986473808,
A: Δ×Δ,CDR:地域社会の活動(Δ) × CDR:家庭・趣味(Δ),独立した組み合わせ,27,Spearman相関,0.46555591615653213,0.014396022406886668,0.17415714294741755,
A: Δ×Δ,MMSE合計(Δ) × Global CDR(Δ),独立した組み合わせ,27,Spearman相関,-0.4648590507983574,0.014562627993896689,0.17415714294741755,
B: ベースライン→Δ,MMSE合計(baseline) → CDR:判断力・問題解決(Δ),独立した組み合わせ,27,Spearman相関,0.46040640270595873,0.01566521009016176,0.1835962622566958,
B: ベースライン→Δ,CDR:記憶(baseline) → CDR:身の回りの世話(Δ),独立した組み合わせ,27,Spearman相関,0.4559574072110635,0.016834784631340804,0.18971507296087906,
B: ベースライン→Δ,Global CDR(baseline) → CDR:身の回りの世話(Δ),構造的(部分-全体),27,Spearman相関,0.4559574072110635,0.016834784631340804,0.18971507296087906,低分散注意: A非モーダル数=4
B: ベースライン→Δ,MMSE:3段階命令(baseline) → MMSE:物品呼称(Δ),独立した組み合わせ,31,Spearman相関,0.41968602983225883,0.01875417405945671,0.20246206821274843,低分散注意: B非モーダル数=1
A: Δ×Δ,MMSE:物品呼称(Δ) × MMSE:3段階命令(Δ),独立した組み合わせ,31,Spearman相関,-0.4188934209476291,0.019002412545565124,0.20246206821274843,低分散注意: A非モーダル数=1
B: ベースライン→Δ,MMSE:復唱(baseline) → MMSE:3段階命令(Δ),独立した組み合わせ,31,Spearman相関,-0.4188934209476291,0.019002412545565124,0.20246206821274843,低分散注意: A非モーダル数=1
B: ベースライン→Δ,MMSE合計(baseline) → MMSE:遅延再生(Δ),構造的(部分-全体),31,Spearman相関,-0.4134368255743919,0.020786208687834533,0.21392122987635115,
B: ベースライン→Δ,MMSE合計(baseline) → MMSE:場所見当識(Δ),構造的(部分-全体),31,Spearman相関,-0.41337248731407006,0.02080803771834815,0.21392122987635115,
A: Δ×Δ,MMSE:注意計算(Δ) × CDR:記憶(Δ),独立した組み合わせ,27,Spearman相関,-0.44137165490495867,0.02118374989242487,0.2140289213269133,
B: ベースライン→Δ,MMSE:場所見当識(baseline) → CDR:判断力・問題解決(Δ),独立した組み合わせ,27,Spearman相関,0.43966243338062977,0.021748535032339426,0.21601087337204922,
A: Δ×Δ,MMSE:場所見当識(Δ) × CDR:地域社会の活動(Δ),独立した組み合わせ,27,Spearman相関,-0.4336522646512243,0.02383290749518434,0.23276806320296706,
B: ベースライン→Δ,CDR-SB(baseline) → CDR:身の回りの世話(Δ),構造的(部分-全体),27,Spearman相関,0.4314986729534736,0.024618207052010895,0.23649621856521943,
B: ベースライン→Δ,MMSE:遅延再生(baseline) → MMSE:図形模写(Δ),独立した組み合わせ,31,Spearman相関,-0.39702404765411775,0.02700195524116101,0.24851933166791063,低分散注意: B非モーダル数=4
B: ベースライン→Δ,CDR-SB(baseline) → MMSE:書字(Δ),独立した組み合わせ,28,Spearman相関,-0.41754242725444096,0.027050129551613268,0.24851933166791063,低分散注意: B非モーダル数=2
B: ベースライン→Δ,CDR:家庭・趣味(baseline) → CDR:身の回りの世話(Δ),独立した組み合わせ,27,Spearman相関,0.424589533158894,0.0272806503853298,0.24851933166791063,
B: ベースライン→Δ,MoCA-J合計(baseline) → MMSE:復唱(Δ),独立した組み合わせ,30,Spearman相関,0.40172261466921444,0.02777374530581219,0.24851933166791063,低分散注意: B非モーダル数=3
A: Δ×Δ,Global CDR(Δ) × CDR:家庭・趣味(Δ),構造的(部分-全体),27,Spearman相関,0.42215373894856056,0.02827304456277945,0.24851933166791063,
A: Δ×Δ,CDR-SB(Δ) × MMSE:書字(Δ),独立した組み合わせ,27,Spearman相関,-0.4218126121730217,0.02841432631697954,0.24851933166791063,低分散注意: B非モーダル数=2
A: Δ×Δ,CDR:見当識(Δ) × CDR:地域社会の活動(Δ),独立した組み合わせ,27,Spearman相関,0.4187130993597732,0.029724343748779528,0.25441945673220906,
A: Δ×Δ,CDR-SB(Δ) × MMSE:注意計算(Δ),独立した組み合わせ,27,Spearman相関,-0.4181736543247577,0.029957239785874445,0.25441945673220906,
B: ベースライン→Δ,CDR:記憶(baseline) → MoCA-J合計(Δ),独立した組み合わせ,22,Spearman相関,-0.45192995882004006,0.03472649435041093,0.28569327983461934,
B: ベースライン→Δ,Global CDR(baseline) → MoCA-J合計(Δ),独立した組み合わせ,22,Spearman相関,-0.45192995882004006,0.03472649435041093,0.28569327983461934,低分散注意: A非モーダル数=4
A: Δ×Δ,MMSE合計(Δ) × CDR:記憶(Δ),独立した組み合わせ,27,Spearman相関,-0.40703886838720854,0.03510224598650613,0.28569327983461934,
B: ベースライン→Δ,MMSE:時間見当識(baseline) → MMSE:時間見当識(Δ),自己(回帰効果に注意),31,Spearman相関,-0.37833707885068013,0.03584767320482853,0.28644179161806277,
B: ベースライン→Δ,Global CDR(baseline) → CDR:見当識(Δ),構造的(部分-全体),27,Spearman相関,0.4031093588738078,0.037078281574740246,0.28644179161806277,低分散注意: A非モーダル数=4
B: ベースライン→Δ,CDR:記憶(baseline) → CDR:見当識(Δ),独立した組み合わせ,27,Spearman相関,0.4031093588738078,0.037078281574740246,0.28644179161806277,
A: Δ×Δ,MMSE:遅延再生(Δ) × MMSE:図形模写(Δ),独立した組み合わせ,31,Spearman相関,0.3759128340685193,0.037149447377086635,0.28644179161806277,低分散注意: B非モーダル数=4
B: ベースライン→Δ,CDR:判断力・問題解決(baseline) → CDR:身の回りの世話(Δ),独立した組み合わせ,27,Spearman相関,0.40114819677570224,0.03809719304232803,0.2899344821143406,
A: Δ×Δ,Global CDR(Δ) × MMSE:注意計算(Δ),独立した組み合わせ,27,Spearman相関,-0.39753596963481674,0.04003227902556347,0.3007553270382076,
B: ベースライン→Δ,CDR:家庭・趣味(baseline) → MMSE:場所見当識(Δ),独立した組み合わせ,28,Spearman相関,-0.38429994874476936,0.04347680001105088,0.31920991262755216,
B: ベースライン→Δ,MMSE合計(baseline) → MMSE:時間見当識(Δ),構造的(部分-全体),31,Spearman相関,-0.3647684425842252,0.04363240279149006,0.31920991262755216,
A: Δ×Δ,MMSE:場所見当識(Δ) × MMSE:書字(Δ),独立した組み合わせ,31,Spearman相関,0.36290779400756257,0.044797942398588746,0.31920991262755216,低分散注意: B非モーダル数=2
B: ベースライン→Δ,CDR:記憶(baseline) → MMSE:時間見当識(Δ),独立した組み合わせ,28,Spearman相関,-0.38103524710519704,0.04544447194951495,0.31920991262755216,
B: ベースライン→Δ,Global CDR(baseline) → MMSE:時間見当識(Δ),独立した組み合わせ,28,Spearman相関,-0.38103524710519704,0.04544447194951495,0.31920991262755216,低分散注意: A非モーダル数=4
B: ベースライン→Δ,MMSE:時間見当識(baseline) → MMSE:復唱(Δ),独立した組み合わせ,31,Spearman相関,0.36140546790489947,0.045757052322038194,0.31920991262755216,低分散注意: B非モーダル数=3
A: Δ×Δ,MMSE:注意計算(Δ) × CDR:見当識(Δ),独立した組み合わせ,27,Spearman相関,-0.3852306423591772,0.047217863769382584,0.3255255078689199,
A: Δ×Δ,MMSE:復唱(Δ) × MMSE:書字(Δ),独立した組み合わせ,31,Spearman相関,0.35816765941328305,0.04787982106641499,0.32625087377813006,"低分散注意: A非モーダル数=3, B非モーダル数=2"
A: Δ×Δ,Global CDR(Δ) × CDR:記憶(Δ),構造的(部分-全体),27,Spearman相関,0.3832796534981288,0.04844508467218389,0.3263082714701122,
