構成要素,検定種別,比較変数,群構成,N,効果量r,p値,構造的部分全体注意,低分散注意,オッズ比,q値(BH-FDR)
場所_市,ベースライン,MMSE合計,落ちた(N=7) vs 落ちなかった(N=26),33,0.01098901098901095,0.9820794684273061,True,False,,0.9948337472380503
場所_市,Δ(0→18か月),MMSE合計,落ちた(N=6) vs 落ちなかった(N=25),31,0.5066666666666666,0.059105487040652986,True,False,,0.3490927473806874
場所_市,ベースライン,CDR-SB,落ちた(N=7) vs 落ちなかった(N=23),30,-0.40372670807453415,0.11144460355552052,False,False,,0.42133512882010704
場所_市,Δ(0→18か月),CDR-SB,落ちた(N=6) vs 落ちなかった(N=21),27,-0.6507936507936507,0.01704224091088345,False,False,,0.24636545480009028
場所_市,ベースライン,Global CDR,落ちた(N=7) vs 落ちなかった(N=23),30,-0.2732919254658386,0.07408406903312309,False,True,,0.3728101538441033
場所_市,Δ(0→18か月),Global CDR,落ちた(N=6) vs 落ちなかった(N=21),27,-0.4761904761904763,0.031644507555244825,False,False,,0.3291028785745462
場所_市,ベースライン,MoCA-J合計,落ちた(N=7) vs 落ちなかった(N=25),32,0.34285714285714286,0.1733775675140452,False,False,,0.5523587965982565
場所_市,Δ(0→18か月),MoCA-J合計,落ちた(N=5) vs 落ちなかった(N=20),25,0.5800000000000001,0.05143402995491598,False,False,,0.3490927473806874
場所_市,ベースライン,MMSE:時間見当識,落ちた(N=7) vs 落ちなかった(N=26),33,-0.2197802197802199,0.3723165192617699,False,False,,0.7639798188463373
場所_市,Δ(0→18か月),MMSE:時間見当識,落ちた(N=6) vs 落ちなかった(N=25),31,0.74,0.004465649166225153,False,False,,0.23221375664370794
場所_市,ベースライン,MMSE:場所見当識,落ちた(N=7) vs 落ちなかった(N=26),33,0.2912087912087912,0.19842541099117716,True,False,,0.590194006797712
場所_市,Δ(0→18か月),MMSE:場所見当識,落ちた(N=6) vs 落ちなかった(N=25),31,0.16000000000000003,0.5275546598541658,True,False,,0.7639798188463373
場所_市,ベースライン,MMSE:物品呼称,,33,,,False,True,,
場所_市,Δ(0→18か月),MMSE:物品呼称,落ちた(N=6) vs 落ちなかった(N=25),31,0.16666666666666663,0.05004352124870507,False,True,,0.3490927473806874
場所_市,ベースライン,MMSE:記銘,落ちた(N=7) vs 落ちなかった(N=26),33,-0.03846153846153855,0.6565007277753426,False,True,,0.7639798188463373
場所_市,Δ(0→18か月),MMSE:記銘,落ちた(N=6) vs 落ちなかった(N=25),31,0.040000000000000036,0.6830913983096087,False,True,,0.7639798188463373
場所_市,ベースライン,MMSE:注意計算,落ちた(N=7) vs 落ちなかった(N=26),33,-0.11538461538461542,0.6463824550783985,False,False,,0.7639798188463373
場所_市,Δ(0→18か月),MMSE:注意計算,落ちた(N=6) vs 落ちなかった(N=25),31,0.4866666666666667,0.06489544662846113,False,False,,0.3490927473806874
場所_市,ベースライン,MMSE:遅延再生,落ちた(N=7) vs 落ちなかった(N=26),33,-0.18131868131868134,0.4420958812706898,False,False,,0.7639798188463373
場所_市,Δ(0→18か月),MMSE:遅延再生,落ちた(N=6) vs 落ちなかった(N=25),31,0.17333333333333334,0.48353539825732417,False,False,,0.7639798188463373
場所_市,ベースライン,MMSE:復唱,落ちた(N=7) vs 落ちなかった(N=26),33,0.1428571428571429,0.06386468910795902,False,True,,0.3490927473806874
場所_市,Δ(0→18か月),MMSE:復唱,落ちた(N=6) vs 落ちなかった(N=25),31,0.08666666666666667,0.5581846494226572,False,True,,0.7639798188463373
場所_市,ベースライン,MMSE:読字理解,,33,,,False,True,,
場所_市,Δ(0→18か月),MMSE:読字理解,,31,,,False,True,,
場所_市,ベースライン,MMSE:3段階命令,落ちた(N=7) vs 落ちなかった(N=26),33,0.11538461538461542,0.5366152614443105,False,False,,0.7639798188463373
場所_市,Δ(0→18か月),MMSE:3段階命令,落ちた(N=6) vs 落ちなかった(N=25),31,-0.21999999999999997,0.2737444498133299,False,False,,0.6737138870705995
場所_市,ベースライン,MMSE:書字,,33,,,False,True,,
場所_市,Δ(0→18か月),MMSE:書字,落ちた(N=6) vs 落ちなかった(N=25),31,0.1266666666666667,0.2905132326505808,False,True,,0.6866676408104637
場所_市,ベースライン,MMSE:図形模写,落ちた(N=7) vs 落ちなかった(N=26),33,-0.03846153846153855,0.6565007277753426,False,True,,0.7639798188463373
場所_市,Δ(0→18か月),MMSE:図形模写,落ちた(N=6) vs 落ちなかった(N=25),31,0.31999999999999995,0.04349314128336592,False,True,,0.3471455506217864
場所_市,ベースライン,CDR:記憶,落ちた(N=7) vs 落ちなかった(N=23),30,-0.1366459627329193,0.42719587764441946,False,False,,0.7639798188463373
場所_市,Δ(0→18か月),CDR:記憶,落ちた(N=6) vs 落ちなかった(N=21),27,-0.38888888888888884,0.104191518958961,False,False,,0.42133512882010704
場所_市,ベースライン,CDR:見当識,落ちた(N=7) vs 落ちなかった(N=23),30,0.0993788819875776,0.6331183039139447,False,False,,0.7639798188463373
場所_市,Δ(0→18か月),CDR:見当識,落ちた(N=6) vs 落ちなかった(N=21),27,-0.5079365079365079,0.03675909394896221,False,False,,0.3471455506217864
場所_市,ベースライン,CDR:判断力・問題解決,落ちた(N=7) vs 落ちなかった(N=23),30,-0.17391304347826098,0.3919900848591362,False,False,,0.7639798188463373
場所_市,Δ(0→18か月),CDR:判断力・問題解決,落ちた(N=6) vs 落ちなかった(N=21),27,-0.26984126984126977,0.279599845964987,False,False,,0.6737138870705995
場所_市,ベースライン,CDR:地域社会の活動,落ちた(N=7) vs 落ちなかった(N=23),30,-0.6149068322981366,0.007627193001663298,False,False,,0.2379684216518949
場所_市,Δ(0→18か月),CDR:地域社会の活動,落ちた(N=6) vs 落ちなかった(N=21),27,-0.20634920634920628,0.4209290112296076,False,False,,0.7639798188463373
場所_市,ベースライン,CDR:家庭・趣味,落ちた(N=7) vs 落ちなかった(N=23),30,-0.4347826086956521,0.056199417883674885,False,False,,0.3490927473806874
場所_市,Δ(0→18か月),CDR:家庭・趣味,落ちた(N=6) vs 落ちなかった(N=21),27,-0.5952380952380953,0.020050354312976956,False,False,,0.2606546060687004
場所_市,ベースライン,CDR:身の回りの世話,落ちた(N=7) vs 落ちなかった(N=23),30,-0.1428571428571428,0.08294596260379672,False,True,,0.39210818685431176
場所_市,Δ(0→18か月),CDR:身の回りの世話,落ちた(N=6) vs 落ちなかった(N=21),27,-0.15873015873015883,0.4451460875065735,False,False,,0.7639798188463373
場所_市,精神症状,意欲低下,N=33,33,,0.685622914349277,False,False,0.7058823529411765,0.7639798188463373
場所_病院,ベースライン,MMSE合計,落ちた(N=7) vs 落ちなかった(N=26),33,0.13736263736263732,0.5898270585259862,True,False,,0.7639798188463373
場所_病院,Δ(0→18か月),MMSE合計,落ちた(N=6) vs 落ちなかった(N=25),31,0.24,0.37843130886076715,True,False,,0.7639798188463373
場所_病院,ベースライン,CDR-SB,落ちた(N=7) vs 落ちなかった(N=23),30,-0.5217391304347827,0.0389912378249172,False,False,,0.3471455506217864
場所_病院,Δ(0→18か月),CDR-SB,落ちた(N=6) vs 落ちなかった(N=21),27,-0.4126984126984128,0.13305390292544597,False,False,,0.4682031114203679
場所_病院,ベースライン,Global CDR,落ちた(N=7) vs 落ちなかった(N=23),30,-0.2732919254658386,0.07408406903312309,False,True,,0.3728101538441033
場所_病院,Δ(0→18か月),Global CDR,落ちた(N=6) vs 落ちなかった(N=21),27,-0.4761904761904763,0.031644507555244825,False,False,,0.3291028785745462
場所_病院,ベースライン,MoCA-J合計,落ちた(N=7) vs 落ちなかった(N=25),32,0.22857142857142854,0.36815810133323434,False,False,,0.7639798188463373
場所_病院,Δ(0→18か月),MoCA-J合計,落ちた(N=4) vs 落ちなかった(N=21),25,-0.1428571428571428,0.6817036047288154,False,False,,0.7639798188463373
場所_病院,ベースライン,MMSE:時間見当識,落ちた(N=7) vs 落ちなかった(N=26),33,0.22527472527472525,0.36018216923282476,False,False,,0.7639798188463373
場所_病院,Δ(0→18か月),MMSE:時間見当識,落ちた(N=6) vs 落ちなかった(N=25),31,0.31999999999999995,0.22442644766659403,False,False,,0.6251879613569405
場所_病院,ベースライン,MMSE:場所見当識,落ちた(N=7) vs 落ちなかった(N=26),33,0.46153846153846156,0.040098326864380036,True,False,,0.3471455506217864
場所_病院,Δ(0→18か月),MMSE:場所見当識,落ちた(N=6) vs 落ちなかった(N=25),31,0.23333333333333328,0.35036511026136063,True,False,,0.7639798188463373
場所_病院,ベースライン,MMSE:物品呼称,,33,,,False,True,,
場所_病院,Δ(0→18か月),MMSE:物品呼称,落ちた(N=6) vs 落ちなかった(N=25),31,-0.040000000000000036,0.6830913983096087,False,True,,0.7639798188463373
場所_病院,ベースライン,MMSE:記銘,落ちた(N=7) vs 落ちなかった(N=26),33,-0.03846153846153855,0.6565007277753426,False,True,,0.7639798188463373
場所_病院,Δ(0→18か月),MMSE:記銘,落ちた(N=6) vs 落ちなかった(N=25),31,0.040000000000000036,0.6830913983096087,False,True,,0.7639798188463373
場所_病院,ベースライン,MMSE:注意計算,落ちた(N=7) vs 落ちなかった(N=26),33,-0.06593406593406592,0.8007810311183458,False,False,,0.8669545675684104
場所_病院,Δ(0→18か月),MMSE:注意計算,落ちた(N=6) vs 落ちなかった(N=25),31,-0.020000000000000018,0.9591046696507706,False,False,,0.9948337472380503
場所_病院,ベースライン,MMSE:遅延再生,落ちた(N=7) vs 落ちなかった(N=26),33,0.038461538461538436,0.8854029264219289,False,False,,0.9332625440663574
場所_病院,Δ(0→18か月),MMSE:遅延再生,落ちた(N=6) vs 落ちなかった(N=25),31,0.09333333333333338,0.7156142922251654,False,False,,0.7917434722491191
場所_病院,ベースライン,MMSE:復唱,落ちた(N=7) vs 落ちなかった(N=26),33,-0.03846153846153855,0.6565007277753426,False,True,,0.7639798188463373
場所_病院,Δ(0→18か月),MMSE:復唱,落ちた(N=6) vs 落ちなかった(N=25),31,0.08666666666666667,0.5581846494226572,False,True,,0.7639798188463373
場所_病院,ベースライン,MMSE:読字理解,,33,,,False,True,,
場所_病院,Δ(0→18か月),MMSE:読字理解,,31,,,False,True,,
場所_病院,ベースライン,MMSE:3段階命令,落ちた(N=7) vs 落ちなかった(N=26),33,-0.26923076923076916,0.13805989182908285,False,False,,0.4682031114203679
場所_病院,Δ(0→18か月),MMSE:3段階命令,落ちた(N=6) vs 落ちなかった(N=25),31,0.19999999999999996,0.3212596604441771,False,False,,0.7263261888303134
場所_病院,ベースライン,MMSE:書字,,33,,,False,True,,
場所_病院,Δ(0→18か月),MMSE:書字,落ちた(N=6) vs 落ちなかった(N=25),31,0.33333333333333337,0.004009935660806795,False,True,,0.23221375664370794
場所_病院,ベースライン,MMSE:図形模写,落ちた(N=7) vs 落ちなかった(N=26),33,-0.03846153846153855,0.6565007277753426,False,True,,0.7639798188463373
場所_病院,Δ(0→18か月),MMSE:図形模写,落ちた(N=6) vs 落ちなかった(N=25),31,0.12,0.4652337246904483,False,True,,0.7639798188463373
場所_病院,ベースライン,CDR:記憶,落ちた(N=7) vs 落ちなかった(N=23),30,-0.1366459627329193,0.42719587764441946,False,False,,0.7639798188463373
場所_病院,Δ(0→18か月),CDR:記憶,落ちた(N=6) vs 落ちなかった(N=21),27,0.11111111111111116,0.659888320774324,False,False,,0.7639798188463373
場所_病院,ベースライン,CDR:見当識,落ちた(N=7) vs 落ちなかった(N=23),30,-0.22360248447204967,0.26536542767100135,False,False,,0.6737138870705995
場所_病院,Δ(0→18か月),CDR:見当識,落ちた(N=6) vs 落ちなかった(N=21),27,-0.18253968253968256,0.4658225153099391,False,False,,0.7639798188463373
場所_病院,ベースライン,CDR:判断力・問題解決,落ちた(N=7) vs 落ちなかった(N=23),30,-0.17391304347826098,0.3919900848591362,False,False,,0.7639798188463373
場所_病院,Δ(0→18か月),CDR:判断力・問題解決,落ちた(N=6) vs 落ちなかった(N=21),27,-0.26984126984126977,0.279599845964987,False,False,,0.6737138870705995
場所_病院,ベースライン,CDR:地域社会の活動,落ちた(N=7) vs 落ちなかった(N=23),30,-0.6149068322981366,0.007627193001663298,False,False,,0.2379684216518949
場所_病院,Δ(0→18か月),CDR:地域社会の活動,落ちた(N=6) vs 落ちなかった(N=21),27,-0.20634920634920628,0.4209290112296076,False,False,,0.7639798188463373
場所_病院,ベースライン,CDR:家庭・趣味,落ちた(N=7) vs 落ちなかった(N=23),30,-0.4347826086956521,0.056199417883674885,False,False,,0.3490927473806874
場所_病院,Δ(0→18か月),CDR:家庭・趣味,落ちた(N=6) vs 落ちなかった(N=21),27,-0.2142857142857142,0.4139090401671839,False,False,,0.7639798188463373
場所_病院,ベースライン,CDR:身の回りの世話,落ちた(N=7) vs 落ちなかった(N=23),30,0.04347826086956519,0.6363086093642671,False,True,,0.7639798188463373
場所_病院,Δ(0→18か月),CDR:身の回りの世話,落ちた(N=6) vs 落ちなかった(N=21),27,-0.40476190476190466,0.04450583982330595,False,False,,0.3471455506217864
場所_病院,精神症状,意欲低下,N=33,33,,0.685622914349277,False,False,0.7058823529411765,0.7639798188463373
場所_階,ベースライン,MMSE合計,落ちた(N=22) vs 落ちなかった(N=11),33,0.004132231404958664,1.0,True,False,,1.0
場所_階,Δ(0→18か月),MMSE合計,落ちた(N=22) vs 落ちなかった(N=9),31,0.5202020202020202,0.025471385712380005,True,False,,0.30565662854856007
場所_階,ベースライン,CDR-SB,落ちた(N=20) vs 落ちなかった(N=10),30,-0.43500000000000005,0.05497773974581216,False,False,,0.3490927473806874
場所_階,Δ(0→18か月),CDR-SB,落ちた(N=19) vs 落ちなかった(N=8),27,-0.125,0.6293033820113179,False,False,,0.7639798188463373
場所_階,ベースライン,Global CDR,落ちた(N=20) vs 落ちなかった(N=10),30,-0.10000000000000009,0.4788904913680819,False,True,,0.7639798188463373
場所_階,Δ(0→18か月),Global CDR,落ちた(N=19) vs 落ちなかった(N=8),27,-0.09210526315789469,0.6664047209420185,False,False,,0.7639798188463373
場所_階,ベースライン,MoCA-J合計,落ちた(N=21) vs 落ちなかった(N=11),32,-0.35064935064935066,0.10811060593370211,False,False,,0.42133512882010704
場所_階,Δ(0→18か月),MoCA-J合計,落ちた(N=16) vs 落ちなかった(N=9),25,0.625,0.011261723028308319,False,False,,0.24636545480009028
場所_階,ベースライン,MMSE:時間見当識,落ちた(N=22) vs 落ちなかった(N=11),33,0.2520661157024794,0.23393659414117618,False,False,,0.6402475208074295
場所_階,Δ(0→18か月),MMSE:時間見当識,落ちた(N=22) vs 落ちなかった(N=9),31,0.16161616161616166,0.48553779117851514,False,False,,0.7639798188463373
場所_階,ベースライン,MMSE:場所見当識,落ちた(N=22) vs 落ちなかった(N=11),33,0.31818181818181823,0.10309459286673334,True,False,,0.42133512882010704
場所_階,Δ(0→18か月),MMSE:場所見当識,落ちた(N=22) vs 落ちなかった(N=9),31,0.398989898989899,0.06221657662143072,True,False,,0.3490927473806874
場所_階,ベースライン,MMSE:物品呼称,,33,,,False,True,,
場所_階,Δ(0→18か月),MMSE:物品呼称,落ちた(N=22) vs 落ちなかった(N=9),31,-0.11111111111111116,0.1355930012663022,False,True,,0.4682031114203679
場所_階,ベースライン,MMSE:記銘,落ちた(N=22) vs 落ちなかった(N=11),33,0.045454545454545414,0.520338083386847,False,True,,0.7639798188463373
場所_階,Δ(0→18か月),MMSE:記銘,落ちた(N=22) vs 落ちなかった(N=9),31,-0.045454545454545414,0.5696715815879663,False,True,,0.7639798188463373
場所_階,ベースライン,MMSE:注意計算,落ちた(N=22) vs 落ちなかった(N=11),33,0.1198347107438017,0.5775115524017198,False,False,,0.7639798188463373
場所_階,Δ(0→18か月),MMSE:注意計算,落ちた(N=22) vs 落ちなかった(N=9),31,0.2222222222222222,0.3372730343325745,False,False,,0.751637047941166
場所_階,ベースライン,MMSE:遅延再生,落ちた(N=22) vs 落ちなかった(N=11),33,-0.2520661157024793,0.21134909020517156,False,False,,0.6105640383704957
場所_階,Δ(0→18か月),MMSE:遅延再生,落ちた(N=22) vs 落ちなかった(N=9),31,0.5303030303030303,0.011185698097636384,False,False,,0.24636545480009028
場所_階,ベースライン,MMSE:復唱,落ちた(N=22) vs 落ちなかった(N=11),33,-0.09090909090909083,0.17703807583277453,False,True,,0.5523587965982565
場所_階,Δ(0→18か月),MMSE:復唱,落ちた(N=22) vs 落ちなかった(N=9),31,0.13636363636363635,0.26949095857438243,False,True,,0.6737138870705995
場所_階,ベースライン,MMSE:読字理解,,33,,,False,True,,
場所_階,Δ(0→18か月),MMSE:読字理解,,31,,,False,True,,
場所_階,ベースライン,MMSE:3段階命令,落ちた(N=22) vs 落ちなかった(N=11),33,-0.12396694214876036,0.43713670138934235,False,False,,0.7639798188463373
場所_階,Δ(0→18か月),MMSE:3段階命令,落ちた(N=22) vs 落ちなかった(N=9),31,0.25757575757575757,0.1366262087864507,False,False,,0.4682031114203679
場所_階,ベースライン,MMSE:書字,,33,,,False,True,,
場所_階,Δ(0→18か月),MMSE:書字,落ちた(N=22) vs 落ちなかった(N=9),31,0.09090909090909094,0.38490931579093124,False,True,,0.7639798188463373
場所_階,ベースライン,MMSE:図形模写,落ちた(N=22) vs 落ちなかった(N=11),33,-0.09090909090909083,0.17703807583277453,False,True,,0.5523587965982565
場所_階,Δ(0→18か月),MMSE:図形模写,落ちた(N=22) vs 落ちなかった(N=9),31,0.23232323232323238,0.09247441593466142,False,True,,0.4042588196492325
場所_階,ベースライン,CDR:記憶,落ちた(N=20) vs 落ちなかった(N=10),30,-0.18500000000000005,0.22199494116203478,False,False,,0.6251879613569405
場所_階,Δ(0→18か月),CDR:記憶,落ちた(N=19) vs 落ちなかった(N=8),27,-0.23684210526315796,0.28071411961274984,False,False,,0.6737138870705995
場所_階,ベースライン,CDR:見当識,落ちた(N=20) vs 落ちなかった(N=10),30,-0.42500000000000004,0.016468265440881653,False,False,,0.24636545480009028
場所_階,Δ(0→18か月),CDR:見当識,落ちた(N=19) vs 落ちなかった(N=8),27,0.10526315789473684,0.6507471025388097,False,False,,0.7639798188463373
場所_階,ベースライン,CDR:判断力・問題解決,落ちた(N=20) vs 落ちなかった(N=10),30,-0.30000000000000004,0.09329049684213057,False,False,,0.4042588196492325
場所_階,Δ(0→18か月),CDR:判断力・問題解決,落ちた(N=19) vs 落ちなかった(N=8),27,-0.05921052631578938,0.8113805568268456,False,False,,0.8669545675684104
場所_階,ベースライン,CDR:地域社会の活動,落ちた(N=20) vs 落ちなかった(N=10),30,-0.09000000000000008,0.6779448006341158,False,False,,0.7639798188463373
場所_階,Δ(0→18か月),CDR:地域社会の活動,落ちた(N=19) vs 落ちなかった(N=8),27,0.052631578947368474,0.8374388225274558,False,False,,0.8887105871719939
場所_階,ベースライン,CDR:家庭・趣味,落ちた(N=20) vs 落ちなかった(N=10),30,-0.28,0.1720600794212741,False,False,,0.5523587965982565
場所_階,Δ(0→18か月),CDR:家庭・趣味,落ちた(N=19) vs 落ちなかった(N=8),27,0.26973684210526316,0.25244428362744875,False,False,,0.6737138870705995
場所_階,ベースライン,CDR:身の回りの世話,落ちた(N=20) vs 落ちなかった(N=10),30,-0.050000000000000044,0.5245182802130763,False,True,,0.7639798188463373
場所_階,Δ(0→18か月),CDR:身の回りの世話,落ちた(N=19) vs 落ちなかった(N=8),27,-0.3157894736842106,0.08549967653687152,False,False,,0.39229263352211635
場所_階,精神症状,意欲低下,N=33,33,,0.47128172886261593,False,False,1.7857142857142858,0.7639798188463373
場所_地方,ベースライン,MMSE合計,落ちた(N=9) vs 落ちなかった(N=24),33,0.23611111111111116,0.3025769980604477,True,False,,0.7045076372750723
場所_地方,Δ(0→18か月),MMSE合計,落ちた(N=9) vs 落ちなかった(N=22),31,0.101010101010101,0.6772853554664331,True,False,,0.7639798188463373
場所_地方,ベースライン,CDR-SB,落ちた(N=8) vs 落ちなかった(N=22),30,-0.5738636363636365,0.017371923094878162,False,False,,0.24636545480009028
場所_地方,Δ(0→18か月),CDR-SB,落ちた(N=8) vs 落ちなかった(N=19),27,-0.06578947368421062,0.8092809252941605,False,False,,0.8669545675684104
場所_地方,ベースライン,Global CDR,落ちた(N=8) vs 落ちなかった(N=22),30,-0.07386363636363646,0.6335534753768335,False,True,,0.7639798188463373
場所_地方,Δ(0→18か月),Global CDR,落ちた(N=8) vs 落ちなかった(N=19),27,-0.07236842105263164,0.7401869400734287,False,False,,0.8131631172637667
場所_地方,ベースライン,MoCA-J合計,落ちた(N=9) vs 落ちなかった(N=23),32,0.26086956521739135,0.26080773063622187,False,False,,0.6737138870705995
場所_地方,Δ(0→18か月),MoCA-J合計,落ちた(N=8) vs 落ちなかった(N=17),25,0.1470588235294118,0.5776960631604879,False,False,,0.7639798188463373
場所_地方,ベースライン,MMSE:時間見当識,落ちた(N=9) vs 落ちなかった(N=24),33,-0.15740740740740744,0.4883504271844813,False,False,,0.7639798188463373
場所_地方,Δ(0→18か月),MMSE:時間見当識,落ちた(N=9) vs 落ちなかった(N=22),31,0.09595959595959591,0.6855101567363616,False,False,,0.7639798188463373
場所_地方,ベースライン,MMSE:場所見当識,落ちた(N=9) vs 落ちなかった(N=24),33,0.08796296296296291,0.6828072190281251,True,False,,0.7639798188463373
場所_地方,Δ(0→18か月),MMSE:場所見当識,落ちた(N=9) vs 落ちなかった(N=22),31,0.1717171717171717,0.43015156178470515,True,False,,0.7639798188463373
場所_地方,ベースライン,MMSE:物品呼称,,33,,,False,True,,
場所_地方,Δ(0→18か月),MMSE:物品呼称,落ちた(N=9) vs 落ちなかった(N=22),31,-0.045454545454545414,0.5696715815879663,False,True,,0.7639798188463373
場所_地方,ベースライン,MMSE:記銘,落ちた(N=9) vs 落ちなかった(N=24),33,-0.04166666666666674,0.58621368107314,False,True,,0.7639798188463373
場所_地方,Δ(0→18か月),MMSE:記銘,落ちた(N=9) vs 落ちなかった(N=22),31,0.045454545454545414,0.5696715815879663,False,True,,0.7639798188463373
場所_地方,ベースライン,MMSE:注意計算,落ちた(N=9) vs 落ちなかった(N=24),33,0.3935185185185185,0.07692953727199643,False,False,,0.37503149420098264
場所_地方,Δ(0→18か月),MMSE:注意計算,落ちた(N=9) vs 落ちなかった(N=22),31,0.101010101010101,0.671569567349372,False,False,,0.7639798188463373
場所_地方,ベースライン,MMSE:遅延再生,落ちた(N=9) vs 落ちなかった(N=24),33,0.06481481481481477,0.7743884846366194,False,False,,0.844787437785403
場所_地方,Δ(0→18か月),MMSE:遅延再生,落ちた(N=9) vs 落ちなかった(N=22),31,0.13131313131313127,0.5419822950056061,False,False,,0.7639798188463373
場所_地方,ベースライン,MMSE:復唱,落ちた(N=9) vs 落ちなかった(N=24),33,-0.04166666666666674,0.58621368107314,False,True,,0.7639798188463373
場所_地方,Δ(0→18か月),MMSE:復唱,落ちた(N=9) vs 落ちなかった(N=22),31,0.02020202020202022,0.8986144790014382,False,True,,0.9408312666055326
場所_地方,ベースライン,MMSE:読字理解,,33,,,False,True,,
場所_地方,Δ(0→18か月),MMSE:読字理解,,31,,,False,True,,
場所_地方,ベースライン,MMSE:3段階命令,落ちた(N=9) vs 落ちなかった(N=24),33,0.16666666666666663,0.32088430086917064,False,False,,0.7263261888303134
場所_地方,Δ(0→18か月),MMSE:3段階命令,落ちた(N=9) vs 落ちなかった(N=22),31,-0.22222222222222232,0.20051463051460727,False,False,,0.590194006797712
場所_地方,ベースライン,MMSE:書字,,33,,,False,True,,
場所_地方,Δ(0→18か月),MMSE:書字,落ちた(N=9) vs 落ちなかった(N=22),31,-0.09090909090909083,0.38490931579093124,False,True,,0.7639798188463373
場所_地方,ベースライン,MMSE:図形模写,落ちた(N=9) vs 落ちなかった(N=24),33,-0.04166666666666674,0.58621368107314,False,True,,0.7639798188463373
場所_地方,Δ(0→18か月),MMSE:図形模写,落ちた(N=9) vs 落ちなかった(N=22),31,0.06060606060606055,0.6808711665867243,False,True,,0.7639798188463373
場所_地方,ベースライン,CDR:記憶,落ちた(N=8) vs 落ちなかった(N=22),30,-0.11363636363636354,0.4920286416815909,False,False,,0.7639798188463373
場所_地方,Δ(0→18か月),CDR:記憶,落ちた(N=8) vs 落ちなかった(N=19),27,-0.3486842105263157,0.10900873592840163,False,False,,0.42133512882010704
場所_地方,ベースライン,CDR:見当識,落ちた(N=8) vs 落ちなかった(N=22),30,-0.10795454545454541,0.5837895142301719,False,False,,0.7639798188463373
場所_地方,Δ(0→18か月),CDR:見当識,落ちた(N=8) vs 落ちなかった(N=19),27,-0.10526315789473695,0.6507471025388097,False,False,,0.7639798188463373
場所_地方,ベースライン,CDR:判断力・問題解決,落ちた(N=8) vs 落ちなかった(N=22),30,-0.4545454545454546,0.01659657088725403,False,False,,0.24636545480009028
場所_地方,Δ(0→18か月),CDR:判断力・問題解決,落ちた(N=8) vs 落ちなかった(N=19),27,0.013157894736842146,0.9762020943926224,False,False,,0.9948337472380503
場所_地方,ベースライン,CDR:地域社会の活動,落ちた(N=8) vs 落ちなかった(N=22),30,-0.20454545454545459,0.3620862581740565,False,False,,0.7639798188463373
場所_地方,Δ(0→18か月),CDR:地域社会の活動,落ちた(N=8) vs 落ちなかった(N=19),27,0.013157894736842146,0.9766172807767421,False,False,,0.9948337472380503
場所_地方,ベースライン,CDR:家庭・趣味,落ちた(N=8) vs 落ちなかった(N=22),30,-0.6363636363636365,0.00330371670084622,False,False,,0.23221375664370794
場所_地方,Δ(0→18か月),CDR:家庭・趣味,落ちた(N=8) vs 落ちなかった(N=19),27,0.3092105263157895,0.18814133146092038,False,False,,0.5754911315275212
場所_地方,ベースライン,CDR:身の回りの世話,落ちた(N=8) vs 落ちなかった(N=22),30,-0.125,0.11343638083618265,False,True,,0.42133512882010704
場所_地方,Δ(0→18か月),CDR:身の回りの世話,落ちた(N=8) vs 落ちなかった(N=19),27,-0.013157894736842035,0.9708136095339015,False,False,,0.9948337472380503
場所_地方,精神症状,意欲低下,N=33,33,,1.0,False,False,1.2,1.0
